title,singer,location
,타이타닉,BEST
,THE BEATLES AT THE BEEB ,BEST
abbey road,Beatles ,BEST
,BEATLES'65,BEST
"come together, ",Beatles ,BEST
something,Beatles ,BEST
rolling in the deep,Beatles ,BEST
Sings,adele21,BEST
o,chet baker sings,BEST
lover,damien rice,BEST
Midnights,taylor swift_lover,BEST
Tim Mcgraw외 2016,taylor swift,BEST
2020,Taylor swift ,BEST
vol2,Taylor swift,BEST
vol3,guardians of the galaxy_vol2,BEST
,guardians of the galaxy_vol3,BEST
,A Charie Brown Christmas vince guaraldi trio,BEST
to you,peanuts greatest hits vince guaraldi trio,BEST
,장국영 to you,BEST
요술공주 밍크,disney picture disc_Tim burton's the nightmare before christmas,BEST
thriller,Magical Princess Minky Momo Someday My Prince Will Come,BEST
BAD,michAEL jackson ,BEST
merry christmas,michAEL jackson ,BEST
Japan music,Mariah carey ,BEST
everyday is Christmas snowman EP,Petals to thorns,BEST
,Sia ,BEST
,Home alone ,BEST
A legendary christmas deluxe edition,love actually,BEST
,John,BEST
선물,백예린,k-pop
2집,버스커버스커,k-pop
2nd,김광석 2nd,k-pop
,동물원 김광석,k-pop
사랑하기 때문에,유재하 ,k-pop
사랑은 유리같은것,원준희,k-pop
The natural,윤종신,k-pop
always,이승환,k-pop
begin,이상은,k-pop
The third wave,015B,k-pop
2,들국화_2,k-pop
,조갑경,k-pop
6,김현식_6,k-pop
3번째 노래 모음,김광석 ,k-pop
졸업,김동률 서동욱,k-pop
한번만 더/만남 이후,박성신,k-pop
soul fever,나얼,k-pop
,lala land,OST
,the greatest showman,OST
,top gun,OST
Chicago16,chicago,OST
,all my loving,OST
,leon,OST
,carpenters now&then,OST
,la boum2,OST
,은하철도999,OST
,call me by your name,OST
,로미오와 줄리엣,OST
,영화 히트송2,OST
,leo sayer,OST
,last concert,OST
,robin hood,OST
,love story,OST
,amadeus,OST
,Ennio morricone_The mission,OST
,pretty woman,OST
,Ghost(사랑과영혼),OST
,The sound of music,OST
,애니메이션 음악 모음,OST
,러브 테마 베스트,OST
,streests of fire,OST
,cocktail,OST
,fiddler of the roof,OST
,starlight music,OST
,사운드오브뮤직,OST
,보디가드,OST
,THE WORLD SCREEN MUSIC VOL.2,OST
,ANNIE,OST
OUT OF THE BLUE,DEBBIE GIBSON,OST
,THE IMMORTAL MOVIE THEMES,OST
,사랑과영혼,OST
,THE GREAT SCREEN MUSIC NO.1.,OST
,THE ROYAL PHILHARMONIC ORCHESTRA ON SCREEN,OST
,아마데우스,OST
,OST FROM THE MOTION PICTURE,OST
,GOLDEN STAR IN SCREEN MUSIC/3,OST
A WONDERFUL DAY,SWEET PEOPLE,OST
DYING YOUNG,KENNY G,OST
RUSH,HANS ZIMMER,OST
사관과 신사,AN OFFICER AND A GENTLEMAN,OST
제나두,XANADU,OST
오스먼즈 음악앨범,THE OSMONDS LIVE,OST
TEARS ON MY PILLOW,KYLIE MINOGUE,OST
BLUE SKY VOL.5,유영석&손경호,OST
,CINEMA THEME MUSICS,OST
007 제임스본드,A VIEW TO A KILL ,OST
YOU CALL IT LOVE,L'ETUDIANTE,OST
,EAGLES,OST
,PRIVATE SCHOOL,OST
THAT'S ROCK 'N' ROLL ,SHAUN CASSIDY LIVE,OST
워킹걸,WORKING GIRL,OST
,레드-산) 최신영화히트곡,OST
,더티댄싱,OST
자유의 댄스,FOOT LOOSE,OST
JOHN DENVER'S GREATEST HITS,JOHN DENVER,OST
조찬클럽,THE BREAKFAST CLUB,OST
SIMON&GARFUNKEL,"WEDNESDAY MORNING, 3AM ",OST
SUPER TROUPER,ABBA,OST
마음의 향기,마츠다 세이코,city-pop_1
INSPIRATION,ASUKA SUITA,city-pop_1
MOBIUS'S GAME,MOMOE YAMAGUCHI,city-pop_1
LOST LOVE,MAO DAICHI,city-pop_1
CLOSE YOUR EYES 외,GARLAND ,city-pop_1
,WHITE,city-pop_1
TO YOU,류덕화,city-pop_1
BE TRUE,나카무라 아유미? ,city-pop_1
,HIROMI IWASAKI,city-pop_1
,사다 마사시,city-pop_1
사카구치 료코,실키,city-pop_1
,카구야헤메,city-pop_1
타히로유키,타하라토시히코,city-pop_1
LIVE! SWEEET SEVENTEEN,하야시 히로코 생일 콘서트,city-pop_1
,일세 풍미?,city-pop_1
KIZASHI,TOGASHI-YAMASHITA DUO ,city-pop_1
봄의 속삭임,오오바쿠미코,city-pop_1
세이코,CARAVELLI PLAYS,city-pop_1
SHRIEKS,돌고래의 노래,city-pop_1
SOUND OF MY HEART,SEIKO,city-pop_1
AHTOR,이나바 아키라,city-pop_1
,HIROKO YAKUSHIMARU,city-pop_1
JUNKTION,OFF COURSE,city-pop_1
STRAWBERRY TIME,마츠다 세이코,city-pop_1
THE 9TH WAVE,마츠다 세이코,city-pop_1
바람이 부는,마츠다 세이코,city-pop_1
SUPREME,마츠다 세이코,city-pop_1
,마츠야마치하루,city-pop_1
,PINK LADY,city-pop_1
,유우코,city-pop_1
BLUE,RC SUCCESSION,city-pop_1
,MARI AMACHI,city-pop_1
,오구라케이,city-pop_1
ROLLING SPECIAL,THE CRAZY RIDER,city-pop_1
POSITIVE SMILE, AKIMOTO SAYAKA 4,city-pop_1
,이와사키 히로미 베스트,city-pop_1
방황,오구라 요시,city-pop_1
LOVE MUGENDAI,SHIBUGAKI,city-pop_1
KAZE NO UTA GA KIKOERU,CHIHARU MARSUYAMA,city-pop_1
FLYING KITTY BAND 5.4.3.2.1.0.,HOSHI KATZ AND YASUDA HIROMI,city-pop_1
DATE COURSE PENTAGON ROYAL GARDEN,STRUCTURE ET FORCE,city-pop_1
BEST COLLECTION,CHERISH ,city-pop_1
ALL THROUGH THE NIGHT,TAKANORI JINNAI,city-pop_1
SHILLOUETTE,마츠다 세이코,city-pop_2
CITRON,마츠다 세이코,city-pop_2
SURPEME,마츠다 세이코,city-pop_2
CANDY,마츠다 세이코,city-pop_2
,마츠다 세이코,city-pop_2
TUNNELS 1-BAN,NARIMASU,city-pop_2
,THE HAPPENINGS FOUR,city-pop_2
FEATURING ZEEBRA,DOUBLE SHAKE ,city-pop_2
청춘은 마치 영화처럼,스기타 지로,city-pop_2
HEART BEAT EXPRESS,YOKO OGINOME,city-pop_2
쿠보타사키,유메가타리 ,city-pop_2
DEAR,YOU HAYAMI,city-pop_2
AND I LOVE YOU,YOU HAYAMI,city-pop_2
,OFF COURSE SELLECTION 1978-81,city-pop_2
MISTY LADY,HAMADA MARI,city-pop_2
ASK WEDNESDAY,NAOMI KAWASHIMA,city-pop_2
풍향계,사다 마사시,city-pop_2
I CAN'T BE AN ANGEL,미하라 준코,city-pop_2
SOUND OF MY HEART,SEIKO,city-pop_2
,SEIKO,city-pop_2
SELECTION 1973-78,OFF COURSE,city-pop_2
WINE NO NIOI,OFF COURSE,city-pop_2
SONG IS LOVE,OFF COURSE,city-pop_2
사잔 올 스타즈 밴드,SOUTHERN ALL STARS,city-pop_2
추억은 너무 아름다워서,야가미 준코,city-pop_2
세일러복과 기관총,야쿠시마루 히로코,city-pop_2
MARI FIRST,MARI KANEKO,city-pop_2
돌아가버릴까,오구라 카,city-pop_2
RUN FOREVER,ALICE LIVE,city-pop_2
FLY AWAY,이사카와 유우코,city-pop_2
BOTTOM LINE,REBECCA,city-pop_2
천지마리 THE BEST,MARI AMACHI,city-pop_2
가로오케 픽핏,핑크레이디,city-pop_2
BESTLLIS,모리타 코이치,city-pop_2
,JIN KIRIGAYA,city-pop_2
EVERYTHING WE SAID WAS COOL,COOLS BEST,city-pop_2
,BOBBY BROWN,pop_1
,THE ROLLING STONES REWIND(1971-1984),pop_1
STREETLIFE SERENADE,BILLY JOEL ,pop_1
 STAY,DAN BYRD,pop_1
8MILE OST,EMINEM,pop_1
LIVE TO TELL PAPA DON'T PREACH,MADONNA ,pop_1
IMAGINE ,JOHN LENNON,pop_1
MIDDLE MAN,BOZ SCAGGS,pop_1
ARRIVAL,ABBA ,pop_1
JANGLE FEVER,STEVIE WONDER,pop_1
BETTER TJAM HEAVEN,STACEY Q,pop_1
,HITS OF THE WORLD VOL.2,pop_1
WHAT CAN I DO,THE BEST SONGS FROM EMI VOL.2,pop_1
ANYTHING IS POSSIBLE,DELLIE GILSON,pop_1
LOOK IN MY HEART,ALYSSA MILANO ,pop_1
HI INFIDELITY,REO SPEEDWAGON,pop_1
PLANET HER ,DOJA CAT,pop_1
,ARABESQUE,pop_1
,ELECTRIC YOUTH,pop_1
,VENTURES,pop_1
,THE FIDDLE,pop_1
BILLY'S BEST HITS,BILLY COBHAM,pop_1
NEW INSIDE,TIFFANY,pop_1
 _ SMOKIE_WHAT CAN I DO STRANGER,MIDNIGHT CAF?,pop_1
,DELLIE GILSON,pop_1
,THE VERY BEST OF CILLA BLACK,pop_1
,DANIELLE LICARI,pop_1
POCHETTE SURPRISE,JORDY,pop_1
SHAKE YOU DOWN,GREGORY ABBOTT,pop_1
AGENT PROVOCATEUR,FOREIGNER,pop_1
BEST SHOTS,PAT BENATAR ,pop_1
,GEORGES MOUSTAKI,pop_1
HAPPY NATION,ACE OF BASE,pop_1
HOME BY DAWN,J.D. SOUTHEN,pop_1
,ORIGINAL WORLD POPS10,pop_1
MOODY BLUE,ELVIS PRESLEY ,pop_1
SUPERTRIOS,MacCoy TYNER,pop_1
,MEET DANNY WILSON,pop_1
,SKY4_FORTHCOMING,pop_1
,TOMMY PAGE,pop_1
롤링스톤 선정 역대 명곡,롤링스톤 GREATEST HITS,pop_1
,STANDARD HITS(WORLD'S GREATEST SCREEN MUSIC),pop_1
GET BACK!,IKE&TINA TURNER,pop_1
IN THE MIDDLE OF NOWHERE,MODERN TALKING,pop_1
PASSION,ROD STEWART,pop_1
UNCHAINED MELODY,TWIGGY,pop_1
ALWAYS ON MY MIND,WILLE NELSON,pop_1
HEART TO HEART,GERARD JOLING,pop_1
,THE BEATLES AT THE BEEB ,pop_1
CRAZY WORLD,SCORPIONS,pop_1
ISOLATION,TOTO,pop_1
THE ALBUM,ABBA,pop_1
ATLANTIC,MARK MORRISON,pop_1
DUOTONES,KENNY ,pop_1
,WILSON PHILLIPS,pop_1
AMIGOS,SANTANA,pop_1
GREATST HITS,NANA MOUSKOUR1,pop_1
SONNYBOY WILLIAMSON& BRIAN AUGER,JIMMY PAGE ,pop_1
PRIVATE COLLECTION,JON AND VANGELIS,pop_1
LOVE IS IN YOUR EYES,GERARD JOLING,pop_1
"AND THE YARDBIRDS, SHAPES OF THINGS",JEFF BECK,pop_1
MELODIES OF LOVE,BOBBY VINTON ,pop_1
,GLADYS KNIGHT,pop_1
PERHAPS LOVE,PLACIDO DOMINGO WITH JOHN DENVER,pop_1
,NMELANIE,pop_1
,ELTON JOHN 1970-1975,pop_1
,KON KAN,pop_1
THE FOR THE TILLERMAN ,CAT STEVENS,pop_1
THE ALAN CADDY ORCHESTRA&SINGERS,THE ELVIS PRESLEY STORY,pop_1
CORAZON,GERARD JOLING,pop_1
MISS THE MISSISSIPPI,CRYSTAL GAYLE_,pop_1
SINGS LOVE,DUSTY SPRINGFIELD_,pop_1
LES HOMMES CARO MOZART LA MARITZA,SYRIE VARTAN BEST_,pop_1
WHY NOT ME,THE JUDDS_,pop_1
GOLD SUPERDISC,MILVA_,pop_1
,FAR CORPORATION_DIVISION ONE,pop_1
,GLENN_MEDEIROS,pop_1
,HERB ALPERT_RISE,pop_1
,LIONEL RICHIE_CAN'T SLOW DOWN,pop_1
,NANA MOUSKOURI CUSTOM20_MOUSROURI,pop_1
,NO JACKET REQUIRED_PHIL COLLINS,pop_1
,FAITH_GEORGE MICHAEL,pop_1
,JEFF BECK_WIRED,pop_1
,JONI MITCHELL,pop_1
let it be,Beatles ,pop_2
1962-1966,Beatles ,pop_2
5,Beatles ,pop_2
the beatles at the hollywood bowl,Beatles ,pop_2
,Beatles ,pop_2
4,Beatles ,pop_2
The notorious kim,lil' Kim,pop_2
52nd street,billy joel ,pop_2
an innocent man,billy joel ,pop_2
you're only lonely,J.D. Souther ,pop_2
,Claude Ciari,pop_2
painting on my mind,Tommy page,pop_2
the secret of association,Paul young,pop_2
yentl,Barbra streisand,pop_2
,Whitney houston,pop_2
,lionel Richie,pop_2
,ellla fitzgerald,pop_2
look in my heart ,alyssa milano,pop_2
,glenn medeiros,pop_2
amsterdam sur-eau,moderoto cantabile barco negero,pop_2
,solid gold collection,pop_2
,leonardo cohen songs of love and hate,pop_2
,crusader chris de burgh,pop_2
,reo speedwagon hi infidelity,pop_2
,samantha gilles love 4!2,pop_2
,baby's gang_happy birthday,pop_2
I love chopin,gazebo,pop_2
WOMAN TO WOMAN,CLEO LAINE ,pop_2
LONG DISTAND FLIGHT,F.R. DAVID ,pop_2
TALKIN'BOUT YOU,DIANE SCHUUE,pop_2
SHOW ME,THE COCER GIRLS,pop_2
,DJSHADON,pop_2
,ALICE1,pop_2
,E582 THE e,pop_2
,LOVERBOY,pop_2
,SHIRLEY BASSEY LIVE AT CARNEGIE HALL,pop_2
,JESUS CHRIST SUPERSTAR,pop_2
DANCING WITH STRANGERS,CHRIS REA,pop_2
SUPER DISCO PARTY,FELICIDAD,pop_2
,ORIGINAL WORLD POPS4,pop_2
BROKEN HEARTED ME,ANNE MURRAY,pop_2
THIS IS ACTINGS,SIA,pop_3
,ELTON JOHN THE FOX,pop_3
,GEORGE MICHAEL ELTON JOHN,pop_3
,WITH THE BEATLES,pop_3
,COOLEYHIGHHARMONY,pop_3
,CM CM CM SONG,pop_3
PLUS NINE NEW SUPERSTAR SONGS,WE ARE THE WORLD,pop_3
,JERMAINE JACKSON,pop_3
SURVIVOR,EYE OF THE TIGER,pop_3
DANCING ON THE CEILING,LIONEL RICHIE,pop_3
AUTOAMERIOAN,BLONDIE,pop_3
VALOTTE,JUIAN LENNON,pop_3
TRUTH & TENDERNESS,BUNNY HULL,pop_3
,JOAN BAEZ,pop_3
JACKRABBIT SLIM,STEVE FORBERT,pop_3
MICHAEL CORETU,"MOON, LIGHT&FLOWERS",pop_3
,7BILLBOARD HITS,pop_3
PACK20,SIMON&GARFUNKEL,pop_3
WE ABBA,BEST OF ABBA,pop_3
,DEEP PURPLE,pop_3
PROMISES AND LIES,UB40,pop_3
CHANSON DE BOULOGNE,FRANCIS LAI,pop_3
하모니카,LEE OSKAR,pop_3
,LONDON BOYS,pop_3
,GONNA MAKE YOU SWEAT,pop_3
LOTTA LOVE,NICOLETTE,pop_3
CIMARRON,EMMYLOU HARRIS,pop_3
,SWEET PEOPLE VOL3,pop_3
,JOAN BAEZ GOLDEN PRIZE,pop_3
,PHASE 4STEREO SPECTACULAR,pop_3
,OLIVIER TOUSSANINT,pop_3
FELICIANO,FIREWORKS,pop_3
,HI INFIDELITY REO SPEED WAGON,pop_3
LAST DATE,FLOYD CRAMER,pop_3
HOMELAND,TISH HINOJOSA,pop_3
,GAZEBO,pop_3
,PAULA ABLEY,pop_3
SYMPATHY,RARE BIRD ,pop_3
,GOLDEN BLUES,pop_3
RICK ASTLEY,HOLD ME IN YOUR ARMS,pop_3
IF I SHOULD LOVE AGAIN,BARRY MANILOW,pop_3
,LAURA BRANIGAN SELF CONTROL,pop_3
GEORGE MICHAEL ELTON JOHN,1ST LIVE RECORDINGS,pop_3
GEORGE MICHAEL ELTON JOHN,SECOND ALBUM,pop_3
DANGEROUS WOMAN,AIANA GRANDE,pop_4
20GREATEST HITS,THE BEATLES,pop_4
,THE BEST OF ABBA,pop_4
,GREASE OST,pop_4
,QUEEN GREATE SHITS,pop_4
BEEGEES,LIVING EYES,pop_4
,ORIGINAL WORLD POPS5,pop_4
THE JAZZ SINGER,EDDIE GEFFERSON ,pop_4
THE WORKS,QUEEN ,pop_4
THE EDGE OF HEAVEN외,WHAM!,pop_4
VOULEZ-VOUS,ABBA,pop_4
ALL THE GREATEST HITS,GLADYS KNIGHT&THE PIPS,pop_4
,11BILLBOARD HITS,pop_4
HOT SPACE,QUEEN ,pop_4
FACES,SHAWN PHILLIPS,pop_4
THE FIVE PENNIES,DANNY KAYE,pop_4
BULDING THE PERFECT BEAST,DON HENLEY,pop_4
LOVE SONGS,ELTON JOHN ,pop_4
ROCK'NROLL JUVENILE,CLIFF RICHARD,pop_4
,GENNY MULLIIGAN,pop_4
A NIGHT ON THE TOWN,ROD STEWART,pop_4
,BOAT MUSIC,pop_4
,ORIGINAL WORLD POPS_9,pop_4
EAGLE 외,ABBA THE ALBUM,pop_4
NO BRAKES,JOHN WAITE,pop_4
GREATST HITS,AIR SUPPLY,pop_4
LIVE MAGIC,QUEEN,pop_4
MEDLEY CONCERTO,RICHARD CLAYDERMAN,pop_4
BEST20,CLAUDE CIARI,pop_4
PARADISE,STYX,pop_4
EMOTIONS IN MOTION,BILLY SQUIER,pop_4
BOLDEN PRIZE,JOAN BAEZ,pop_4
GOLD SUPERDISC,GIGLIOLA GINQUETTI,pop_4
FAIRY QUEEN,THE BEST OF EUROPE POPS,pop_4
MICHAEL CORETU,"MOON, LIGHT&FLOWERS",pop_4
ESPECIALLY FOR YOU,KYLIE AND JASON,pop_4
GET HERE,BRENDA RUSSELL,pop_4
,YOUNG POPS HIT1,pop_4
NIGHT MOVES,MARILYN MARTIN,pop_4
,FRANKE&KNOCKOUTS,pop_4
ALWAYS,PEBBLES,pop_4
YOU CAN'T GO HOME AGAIN,CHET BAKER,JAZZ_1
,COOL BAKER VOL.2,JAZZ_1
,MOON BEAMS THE BILL EVANS TRIO,JAZZ_1
,JAZZ HISTORICAL RECORDINGS VOL.1,JAZZ_1
"IF I DON'T KILL YOU, IT JUST MAKES YOU STRONGER",BRUCE WILLIS,JAZZ_1
IN A SILENT WAY,MOLES DAVIS,JAZZ_1
"MARILYN McCOO AND BILLY DAVIS, JR.",I HOPE WE GET TO LOVE IN TIME,JAZZ_1
KIND OF BLUE,MILED DAVIS,JAZZ_1
,DIRTY DANCING,JAZZ_1
THE MODERN JAZZ QUARTET,CONCORDE,JAZZ_1
,HERBIE HANCOCK,JAZZ_1
,CLIFFORD BROWN,JAZZ_1
,STAN GETZ COMMUNICATIONS'72,JAZZ_1
TO SWING OR NOT TO SWING,"BERNEY KASSEL, VOL3",JAZZ_1
MOVE TO MOVE,KON KAN ,JAZZ_1
,THE ESSENTIAL CHARIE PARKER,JAZZ_1
,STEAMIN WITH THE MILES DAVIS QUINTET,JAZZ_1
QUINCY JONES,SONNY STITT,JAZZ_1
FEATURING SONNY ROLLINGS,DIG_MILES DAVIS ,JAZZ_1
,MY FUNNY VALENTINE MILES DAVIS IN CONCERT,JAZZ_1
MILES DAVIS THE MAN WITH THE HORN,MILES DAVIS,JAZZ_1
,"SATURDAY NIGHT MILES DAVIS IN PERSON AT THE BLACKHAWK, SAN FRANCISCO VOL.2",JAZZ_1
JOHN COLTRANE,GLEANINGS ,JAZZ_1
,PHILIP BAILEY,JAZZ_1
MODERN QUARTET,IN MEMORIAM,JAZZ_1
,THE BEST ART OF BLAKEY&THE JAZZ MESSENGERS,JAZZ_1
,J.J JOHNSON,JAZZ_1
,GREAT HITS OF ART BLAKEY,JAZZ_1
AT NEW PORT,MILLES&MONK,JAZZ_1
,JAZZ AT THE PLAZA VOL.1,JAZZ_1
PLENTY OF HORN,TED CURSON,JAZZ_1
JAZZ MESSENGERS,ART BLAKEY 3 BLIND MICE,JAZZ_1
,MILES DAVIS AND THE MODERN JAZZ GIANTS,JAZZ_1
MILES DAVIS +19,MILES AHEAD,JAZZ_1
,WARDELL GRAY STAH HASSELGARD,JAZZ_1
MILES DAVIS,CIRCLE IN THE ROUND,JAZZ_1
,MILES DAVIS DECOY,JAZZ_1
,MODERN JAZZ QUARTET,JAZZ_1
,LOUIS ARMSTONG PLAYS W.C. HANDY,JAZZ_2
QUINCY JONES,SONNY STITT ,JAZZ_2
,CHARIE PARKER ON DIAL VOL.1,JAZZ_2
PAL JOEY,ANDRE PREVIN & HIS PALS ,JAZZ_2
,DUKE ELLINGTON,JAZZ_2
PRESTIGE7019,BAGS GROOVE MILES DAVIS,JAZZ_2
BOB BROOKMEYER BILL EVANS,THE DOUBLE IVORY BARRELLED HUNTERS PIANO,JAZZ_2
ME MYSELF AN EYE,MINGUS,JAZZ_2
ORIGINAL MOTION PICTURE SOUNDTRACK ,BUSTER,JAZZ_2
RUSS FREEMAN CHET BAKER PACIFIC JAZZ 1232,QUARTET,JAZZ_2
THE QUARTET OF CHARLIE PARKER,NOW'S THE TIME,JAZZ_2
,DAVE GROOSIN,JAZZ_2
MACCOY TYNER,ECHOES OFO A FRIEND ,JAZZ_2
,CHARIE PARKER JAZZ PERENNIAL,JAZZ_2
THE MODERN JAZZ QUARTET&GUEST,THIRD STREAM MUSIC,JAZZ_2
MONTREUX 2,BILL EVANS,JAZZ_2
FELLIN' GOOD,THE MASTERY OF JOHN COLTRANE VOL.1,JAZZ_2
THE TRIP,ART PETTER,JAZZ_2
PLENTY OF HORN,TED CURSON,JAZZ_2
CANNONBALL,"JUIANV ""CANNONBALL"" ADDERLEY",JAZZ_2
ENLIGHTENMENT,MACCOY TYNER,JAZZ_2
LITE FLITE,KENNY DREW QUINTET ,JAZZ_2
THE REAL HEART OF JAZZ IS ON BLACK LION,THIS IS BLACK LION,JAZZ_2
OSCAR PETERSON TRIO,THRISTEZA,JAZZ_2
BILL EVANS TRIO,PORTRANIT IN JAZZ,JAZZ_2
,ART BLAKEY ET LES JAZZ-MESSENGERS AU BLUB ST. GERAMAIN VOL.1,JAZZ_2
THE MILES DAVIS QUINTET,MILDES IN BERLIN ,JAZZ_2
,STEVIE WONDER IN SQUARE CIRCLE,JAZZ_2
,KENNY G LIVE,JAZZ_2
,THE INCREDIBLE JAZZ GUITAR OF WES MONTGOMERY,JAZZ_2
"MILES&COLTRANE QUINTET ""LIVE""",FIRST TIME ON RECORDS,JAZZ_2
CITY SONG,MICHAL PEDICIN JR ,JAZZ_2
TO SWING OR NOT SWING,"BARNEY KESSEL, VOL.3",JAZZ_2
A LITTLE JUICY,THE BILLY MITCHELL QUINTHET,JAZZ_2
THE OSCAR PETERSON TRIO+THE SINGERS UNLIMITED,INTUNE,JAZZ_2
OSCAR PETERSON NIELS PEDERSEN JOE PASS,THE TRIO,JAZZ_2
,ART BLAKEY AND THE JAZZ MESSENGERS STRAIGHT AHEAD,JAZZ_2
,JASS AT OHIO UNION,JAZZ_2
,JOURNEY ESCAPE,METAL
FIREBALL,DEEP PURPLE,METAL
HELL BENT FOR LEATHER,JUFSD PRIEST,METAL
,ASIA,METAL
MIND'S EYE,VINNE MOORE ,METAL
LOVEDRIVE,SCORRIONS,METAL
RAINBOW,RITCHIE BLACKMORES,METAL
HEAVEN AND HELL,VANGELIS,METAL
LOVEDRIVE,SCORPIONS,METAL
HEADING FOR TOMMOROW,GAMMA RAY,METAL
LIFE,THIN LIZZY,METAL
,FRAMPTON COMES ALIVE,METAL
UFO,LIGHT OUT,METAL
GONE TO EARTH,BARCLAY JAMES HARVEST,METAL
,CRIMSON GLORY,METAL
ONE OF A KIND,DAVE GRUSIN,METAL
,LED LEPPELIN,METAL
DR. FEELGOOD,MOTLEY CRUE,METAL
JUDAS PRIEST,SCREAMING FOR VENGEANCE,METAL
KEEPER OF THE SEVEN KEYS PART.1,HELLOWEEN,METAL
MCMXC a.D.,ENIGMA,METAL
,whitesnake,METAL
scorpions,love at first sting ,METAL
BLOW BY BLOW,JEFF BECK,METAL
THE VERY BEST OF DEEP PURPLE,DEEPEST PURPLE,METAL
,MR.BIG LIVE,METAL
BROTHERS IN ARMS,DIRE STRAITS,METAL
,EAGLES LIVE,METAL
,LED ZEPPELIN.2,METAL
DIO,DREAM EVIL,METAL
WALLS OF JERICHO,HELLOWEEN,METAL
DOWN TO EARTH,RAINBOW,METAL
,QUIET RIOT OR3,METAL
VOYVOD,DIMENSION HATROSS,METAL
,VAN HELEN,METAL
THE VERY BEST OF DEEP PURPLE,DEEPEST PURPLE,METAL
,THE BANJO GREATS VOL.1,METAL
LIGHTING STRIKES,LOUDNESS,METAL
JEAN SIBELIUS 장 시벨리우스 교향곡 5번,SYMPHONIE N.5,CLASSIC
FRANZ SCHUBERT,DEUTSCHE MESSE+KYRIE SALVE REGINA,CLASSIC
"DVORAK_CELLO KONZERT, BRUCH_KOL NIDREI",,CLASSIC
YO-YO MA VOL.2,J.S BACH,CLASSIC
DVORAK: SYMPHONIE-AUS DER NEUEN WELT,,CLASSIC
"TSCHAIKOWSKY(STREICHQUARTETT N.1), BORODIN(STREICHQUARTETT N.2_)",,CLASSIC
"WOLFGANG AMADEUS MOZART(K.313, K.314)",,CLASSIC
MOZART,EINE KLEINE NACHTMUSIK SINFONIA CONCERTANTE,CLASSIC
MOZART,SYMPHONIEN N.40 N.41,CLASSIC
HENDEL-BASS ARIAS,,CLASSIC
DVORAK AND SUK:SERENADES FOR STRINGS,KARL MUNCHINGER,CLASSIC
PAUL HINDEMITH,SYMPHONIE-MATHIS DER MALER,CLASSIC
SCHUMANN,VIOLIN CONCERTO NO3,CLASSIC
BACH,GEISTLICHE LIEDER,CLASSIC
ESCHENBACH PIANO LESSON,MOZART,CLASSIC
THE GREAT HITS OF RICHARD CLAYDERMAN V.2,,CLASSIC
BEETHOVEN:SYMPHONIE N.2.,,CLASSIC
ADAGIO,"ALBINONO,PACHELBEL,BOCCHERINI, RESPIGHI",CLASSIC
A CCOMME AMOUR RICHARD CLAYDERMAN,,CLASSIC
SYMPHONIE FANTASTIQUE,CHARLES MUNCH BOSTON SYMPHONY ORCHESTRA,CLASSIC
"MENDELSSOHN BARTHOLDYM, BRUCH",,CLASSIC
WINDHAM HILL RECORDS SAMPLER 84,,CLASSIC
MOZART SYMPHONY N35-37,,CLASSIC
VIVALDI,L'ESTRO ARMONICO OP.3. V.2. CONCERTII N.5-8.,CLASSIC
DVORAK,NEW WORLD SYMPHONY,CLASSIC
"MOZART , KARL BOHM ",BERLINER PHILLHARMONIKER,CLASSIC
GERRY MULINGAN CHET BAKERK ,CARNEGIE HALL CONCERT,CLASSIC
BEETHOVEN:SYMPHONIE N.2.,,CLASSIC
THE GREAT COLLECTION OF CLASSICAL MUSIC,BEETHOVEN ,CLASSIC
ANTHOLOGY OF GREAT MUSIC4,SCHUBERT,CLASSIC
BEETHOVEN ,GESAMTAUSGABE N.1-32,CLASSIC
BEETHOVEN ,SYMPHONY N.5.,CLASSIC
THE GREASTEST HITS OF ,RICHARD CLAYDERMAN V.1,CLASSIC
DAVE GRUSIN AND THE NY LA DREAM BAND,,CLASSIC
SCHUMANN, SYMPHONY N.1. SPRING SYMPHONY N.4.,CLASSIC
LOVE,AN INVITATION TO WINDHAN HILL,CLASSIC
ARTUR RUBINSTEIN,THE CHOPIN LOVE,CLASSIC
TSCHAIKOWSKY ,,CLASSIC
STRAVINSKY,,CLASSIC
ROBERT SHUMANN,DICHTERLIEBE LIEDERKREIS OP.24,CLASSIC
MOZART KAL BOHM,SYMPHONIEN N.39. ES-DUR N.36.,CLASSIC
ANTON BRUCKNER,SYMPHONIE N.8 TE DEUM,CLASSIC
CLADE DEBUSSY,CHILDREN'S CORNER,CLASSIC
DVORAK,ANTHOLOGY OF GREAT MUSIC,CLASSIC
