name,location
akibacomics,홍대정문
아키바코믹스,아키바코믹스
원피스 1~109,책장 1-6
주술회전 1~27권,책장 1-3
아쿠아맨(1~10완) [웹툰],책장 9-6
우리집에서밥먹고갈래요(1~6완) [웹툰],책장 9-6
이상하고아름다운(1~9완) [웹툰],책장 9-6
이십툰(단편)[웹툰],책장 9-6
나혼자만레벨업 1~13권,책장 7-1
전지적독자시점 1~10권,책장 7-1
데뷔 못 하면 죽는 병 걸림,책장 7-1
가비지타임 1~20권,1층 키오스크 옆
마슐 mashle 1~18권(완),책장 1-1
괴수8호 1~13권(2세트),1층(세트1)/1-1(세트2)
H2 에이치투(1~17완) 소장판,책장 2-2
윈드브레이커 1~2권,1층 키오스크 옆
아오하라이드 1~13권(완),책장 8-13
너에게 닿기를 1~30권(완),책장 8-15
슬램덩크 1~31권(완),책장 2-1
하이큐(1-45)완,책장 2-1
렛츠!하이큐?! (1-11),책장 2-1
명탐정 코난 범인 한자와 씨 1~8권,책장 5-1
기븐 -given- 1~9권,책장 8-11
독점 마이 히어로 1~14권,책장 8-11
30살까지 동정이면 마법사가 될 수 있대 1~13권,책장 8-11
Happy해피 1~23권(완),책장 2-5
가라오케 가자!,1층
패밀리 레스토랑 가자,1층
절대 BL이 되는 세계 vs 절대 BL이 되고 싶지 않은 남자 1~3권,책장 8-11
"타시로, 너란 녀석은 1~4권",책장 8-11
동급생/졸업생 (1-3),책장 8-11
blanc 1~2권,책장 8-11
home 홈,책장 8-11
O.B 1~2권,책장 8-11
소라와 하라,책장 8-11
스킵과 로퍼1~9권,1층
MIX믹스(1~21),책장 2-2
유루캠(1~16권),책장 1-5
월드트리거 1~26,책장 1-2
던전밥 (1-14완),책장 1-1
골든카무이 1~31권(완),책장 6-2
내세에는 남남이 좋겠어 (1-8권),1층
히카루가 죽은 여름,1층
쟈건 1~14권,책장 5-2
모브사이코100 1~16완,책장 1-1
서뱀프 SERVAMP 1~21권,책장 1-4
DP 1~4권,책장 7-1
Q앤드A (1~6완),책장 2-2
치하야후루 1~50권(완),책장 8-14
카드캡터 체리 1~12권,책장 8-14
다이아몬드에이스 1~47완,책장 2-4
XXX홀릭 1~19권,책장 8-16
히비키 소설가가되는방법 1~8권,책장 4-3
줄무늬고양이코우메 1~15권,책장 4-5
도박묵시록 카이지 1~39권,책장 6-7
오메가 트라이브 1~14권,책장 5-3
사이코메트러 에지 1~12권(완결),책장 5-4
몬스터 MONSTER 1~18권,책장 5-5
미유키 1~12권(완),책장 2-2
배틀로얄 1~15권(완),책장 5-3
다우트 Doubt 1~4권,책장 5-2
레인보우 2사6방의7인 1~22권,책장 6-2
우리옆집사모님 1~14권,책장 7-8
결혼반지이야기 1~8권,책장 3-1
식객2부 1~3권,책장 4-4
이토준지의 고양이일기 욘무 단편,책장 5-7
문호스트레이독스 1~24,책장 1-2
극주부도,1층
소라의 날개 1~50권,책장 2-4
달빛천사 1~4권(완),책장 8-14
나와행복한결혼,1층
황천의츠가이 1~5권,책장 7-7
도원암귀 1~19권,책장 1-2
사이키쿠스오의재난 1~26완,01월 02일
사카모토입니다만 1~4완,01월 02일
슈가슈가룬 1~8권,책장 8-14
지옥락 1~13완,책장 1-2
파이어펀치 1~8완,책장 1-7
화산귀환1~7권,1층
크로스게임 소장판 1~9권(완),책장 2-2
sss급죽어야사는헌터,책장 7-1
오디션 1~10권(완),책장 8-7
메이저 1~47완,책장 2-5
라이어게임 1~19권 + 라이어 게임 카이타니 시노부 단편집,책장 5-3
이누야샤 견야차 1~56권(완),책장 3-4
도로헤도로 1~23권(완) + 올스타,책장 5-7
우리들이 있었다 1~16권(완),책장 8-4
심청 1~12권(완),책장 8-7
백귀야행 1~30권,책장 8-6
바라카몬 1~19권,책장 4-3
터치 애장판 1~11권(완),책장 2-2
불꽃소방대 1~34권,책장 1-5
마왕성에서 잘자요 1~25권,책장 3-1
전설의 용자의 전설 1~9완,책장 3-1
극락가,1층
토리코 1~43권(완),책장 4-1
식극의 소마 1~36완,책장 4-4
렛츠고 이나중 탁구부 1~13권(완),책장 2-7
고고한 사람 1~17완,책장 4-7
우루쿠모,05월 03일
플루토 1~18완,책장 5-5
아오이자카야구부 1~11권 완,책장 2-2
ADAMAS 1~11권,책장 5-5
천국대마경 1~9권,책장 1-1
베르세르크 1~42권,책장 5-3
켄간아슈라 1~24권,책장 6-5
가정교사 히트맨 리본 1~42권(완),책장 3-2
불멸의 그대에게 1~21권,책장 1-4
봉신연의 1~23완,03월 06일
쓰레기의 본망 1~9권 완,책장 7-10
완벽한 허니문,09월 03일
귀멸의칼날 1~23권(완),책장 1-3
카구야님은 고백받고 싶어 1~25권 완,책장 7-10
카구야님을 이야기하고 싶어 1~6권,책장 7-10
늑대소녀와 흑왕자 1~16권(완),책장 8-1
꽃보다 남자 1~20권(완),책장 8-15
허니와 클로버 1~10권(완),책장 8-13
란마 1/2 1~20완,1층 키오스크 옆
너에게는 닿지 않아 1~8권,책장 8-11
운명의 사람을 만나는 이야기 1~5권,책장 8-13
새벽의 노래 1~4권,책장 8-11
HAPPY!,02월 02일
아름다운 초저녁달 1~7권,책장 8-12
쇼타 형아 1~5권,책장 8-11
봄바람의 에트랑제 1~5권,책장 8-11
파인더의 갈망,책장 8-11
파인더의 열정,책장 8-11
파인더의 진실,책장 8-11
파인더의 포로,책장 8-11
파인더의 날개,책장 8-11
파인더의 함정,책장 8-11
파인더의 표적,책장 8-11
먼작귀 (먼가 작고 귀여운 녀석) 1~5권,책장 7-7
봇치더록! 1~7권,책장 7-7
파라다이스 키스 Paradise Kiss 1~5권(완),책장 8-15
바나나피쉬 BANANA FISH 1~11권 + 외전 2권,책장 5-5
쌍망정은 부숴야 한다 1~25권(완),책장 5-6
오늘부터 신령님 1~25권(완),책장 8-1
이누야시키 1~10권,책장 5-2
더 화이팅 THE FIGHTING 1~140권 더 파이팅,책장 6-4
암스 Arms 1~22권,책장 5-5
홀리랜드 1~16권,책장 6-5
재워드립니다 1~12완,책장 4-3
마법사의 신부 1~19권,책장 1-4
디그레이맨 1~28권,책장 3-6
열네살 1~2,책장 4-6
아름다운 그대에게 1~23권(완),책장 8-3
뷰티풀 군바리 1~10권,책장 7-1
반딧불이의 혼례 1~4권,1층
햇빛이 들린다,책장 8-11
지저귀는 새는 날지 않는다 1~7권,책장 8-11
해변의 에트랑제,책장 8-11
신체찾기 1~17권(완),책장 5-3
아이즈1~12권 IS,책장 7-8
"여친, 빌리겠습니다 1~33권",책장 7-9
"종말의 세라프 이치노세 구렌, 16세의 파멸 1~12권(완)",책장 1-2
종말의 발키리 1~18권,책장 1-2
오버로드 1~17권,책장 1-2
블랙클로버 1~32권,책장 1-3
신피니티 1~3권(완),책장 5-7
고깔모자의 아틀리에 1~13권,책장 1-5
늑대 아이 1~3권(완),책장 4-2
믹스 1~21권,책장 2-2
도쿄 리벤져스 바지케이스케로부터의편지 1~4권,책장 7-1
아인 1~17권(완),책장 1-2
쿠로코의 농구 1~30완,책장 2-1
소울이터 1~25완,책장 1-1
나와 마녀의 시간 1~6완,책장 3-1
손끝과 연연 1~10권,책장 8-12
하나노이 군과 상사병 1~14권,책장 8-13
요자쿠라 일가의 대작전 1~17권,책장 1-4
음침 갸루라도 멋있어지고 싶어 1,책장 7-7
옆자리 괴물군 1~13권(완),책장 8-14
"사랑하라, 거짓된 천사들이여 1~2권",책장 8-12
불가항력의 I LOVE YOU 1~3권,책장 8-12
타이거&드래곤 1~4권,책장 8-12
봄의 폭풍과 몬스터 1~5권,책장 8-12
길고양이와 늑대 1~4권,책장 8-12
핑크와 하바네로 1~9권,책장 8-12
향기로운 꽃은 늠름하게 핀다 1~11권,책장 7-8
Re: 제로부터 시작하는 이세계 생활 1~21권(1장~4장),책장 1-4
마녀와 야수 1~10,책장 1-1
언니의 미도리 군 1~6권,책장 8-12
고양이와 키스 1~6권(완),책장 8-12
아오노 군에게 닿고 싶으니까 죽고 싶어 1~12권,책장 7-8
야노 군의 평범한 나날 1~7권,책장 7-7
드래곤 퀘스트 다이의 대모험 1~6권,책장 7-7
겁쟁이 페달 SPIKE BIKE 1~12권,책장 2-3
언데드 언럭 1~21,책장 1-1
둘이서 사랑을 하는 이유 1~8권,책장 8-12
마도정병의 슬레이브 1~15권,책장 1-4
꿈빛 파티시엘 1~12권(완),책장 8-14
봄과 폭풍 1~2권(완),책장 8-12
청춘벽력 1~4권,책장 8-12
카모노하시 론의 금단추리 1~12권,책장 5-3
아가씨와 충견군 1~9권,책장 8-12
코타로는 1인 가구 1~10완,책장 4-2
들이닥친 왕자는 2가지 다른 맛 1~10권,책장 8-13
미스터리라 할지 말지어다 1~13권,책장 1-7
"타코피의 원죄 상,하",책장 7-7
악마에 입문했습니다! 이루마 군 1~38권,책장 1-4
바람을 부르는 마카나 1권,책장 8-12
체인소맨 1~17,1층
신 테니스의왕자(1~38),책장 2-6
되살아난 아가씨 루체타 1~2권,책장 8-12
"안녕, 에리",1층
룩 백,1층
좀 100: 좀비가 되기 전에 하고 ~100가지 1~14권,책장 7-7
아케비의 세일러복 1~13권 완,책장 7-10
보이는 여고생 1~9권,책장 7-7
아사 이야기! 1~8,책장 4-3
지:지구의 운동에 대하여 1~8완,06월 03일
폭군에게는 악녀가 어울린다 1~7권,책장 7-2
분위기를 읽을 수 있는 신입사원과 무표정한 선배 1~5권,책장 8-2
스매시! 1~18권 완,책장 2-2
그 녀석의 순정 1~13권,책장 8-11
어서오세요 실력지상주의 교실에 1~10권,책장 7-9
내 마음의 위험한 녀석 1~10권,책장 7-9
치유마법의 잘못된 사용법 1~4권,책장 7-7
망각 배터리 1~15권,책장 2-1
명탐정 코난 제로의 일상 1~6완,책장 5-1
이세계 삼촌 1~11권,책장 7-1
정년이 1~10권(완),책장 7-1
게게게의 기타로 1~10권(완),책장 5-7
겁쟁이 페달 1~87권,책장 2-3
츠구모모 1~25권,책장 6-6
악역영애는 이웃나라 왕태자의 사랑을 듬뿍 받는다 1~9권,책장 8-12
"너의 췌장을 먹고싶어 상,하 완",책장 4-2
메이드 인 허니 1~6권(완),책장 8-12
에덴의 꽃 1~12권(완),책장 8-1
카ㅏ키리 1~3완,08월 01일
친구친구 1~3권(완),책장 8-7
플라워 오브 라이프 1~4권(완),책장 8-16
라이어X라이어 1~10권,책장 8-2
벚꽃의 홍차왕자 1~13권(완),책장 8-3
오버드라이브 Over Drive 1~17권(완),책장 2-3
빨간 머리 백설 공주 1~25,08월 03일
엽기인Girl 스나코 1~36권(완),책장 8-1
오란고교 호스트부 1~18권(완),책장 8-1
태양의 집 1~13권(완),책장 8-13
일주일간 친구 1~7권(완),책장 8-1
우이 러브 1~11권(완),책장 8-3
러브 컬렉션 1~4권,책장 8-15
용이 피우는 꽃 1~7권(완),책장 8-13
미녀를 누가 말려? 1~7권(완),책장 8-6
"꿈의 물방울, 황금의 새장 1~17권",책장 8-6
모래판의폭풍 1~6권 완,책장 6-2
도망치는 건 부끄럽지만 도움이 된다 1~11권(완),책장 8-13
AAA 트리플 에이 1~3권,책장 8-1
5시부터 9시까지 1~16권(완),책장 8-13
좋으까 좋아 1~3완,08월 05일
봄으로 가는 버스 1~4권(완),책장 8-2
완전 멋진 달링 1~2권(완),책장 8-7
하츠네 미쿠 KEI 1~3,07월 01일
슈가 포트 1~3권(완),책장 8-17
풀하우스 키스 1~6권(완),책장 8-5
반짝반짝 은하마을 상점가 1~10권(완),책장 8-4
G1지원 1~13권(완),책장 8-9
우라카타! 1~5권,책장 4-5
"전차남- 힘내라 독신남! 1~3, 그래도 나는 떠나련다 1~3완",04월 03일
타나카 군은 항상 나른해 1~13권 완,책장 7-8
먹고 자는 두 사람 함께 사는 두 사람 1~5완,책장 4-2
BLUE GIANT SUPREME 블루 자이언트 슈프림 1~11완,책장 4-2
pinky a gogo 핑키 고고 1~9권(완),책장 8-9
"마스다 미리 시리즈 (지금 이대로 괜찮은 걸까?, 결혼하지 않아도 괜찮을까?, 아무래도 싫은 사람, 수짱의 연애, 주말엔 숲으로)",책장 8-5
다이스키 1~8권(완),책장 8-7
BELIEVE 빌리브 1~7권(완),책장 8-16
세상에서 제일 미워! 1~13권(완),책장 8-5
한지붕 네 식구 1~7권(완),책장 8-9
HEART 하트 1~10권(완),책장 8-5
내 옆의 안경소년 1~2권(완),책장 8-7
포로놀이 1~6권(완),책장 8-4
한눈에 반하다! 1~11권(완),책장 8-18
청춘블라썸 1~12권,1층
단다단 1~14권,1층 키오스크 옆
나와 로보코 1~14권,책장 1-2
애프터갓 1~6권,책장 7-7
슈퍼 뒤에서 담배 피우는 두 사람 1~4권,책장 7-7
학생회에도구멍은있다 1~7권,책장 7-7
달콤하지만은 않은 그들의 일상은 1~7권,책장 8-12
블루 아카이브 코믹 앤솔로지 1~4권,책장 7-7
블루아카이브 흥신소 68 업무일지 1~2권,책장 7-7
카구라바치 1~2권,1층
"후지모토 타츠키 단편집 11-21,22-26",1층
텐무스 1~8권,04월 01일
고스트바둑왕 1~23권(완),책장 1-7
고스트 바둑왕 1~23완,책장 1-7
천지인 1~2권,책장 2-7
블랙잭 1~22권(완),책장 4-7
닥터 노구찌 DR.NOGUCHI 1~17권(완),책장 4-7
요괴 야회담 1~12권,책장 5-3
아이 앰 어 히어로 1~22완,책장 4-5
환생기담 1~9완,책장 5-7
식령 1~12완 +외전,책장 5-7
주작의 활 1~11완,책장 3-3
헬싱 1~10권,책장 5-2
히나마츠리 1~19권,책장 1-5
서머타임 렌더 1~13권(완),책장 5-7
데드 마스크 1~4완,03월 01일
일곱개의 대죄 1~41완,03월 02일
베스티아리우스 1~3완,03월 05일
엠바밍 1~10완,03월 05일
SKT+ (Swallow Knight Tales Plus) 1~10권(완),책장 3-5
고스트 스위퍼 1~39완,03월 05일
시간의 지배자 1~5,03월 06일
스파이패밀리 1~13권,책장 1-3
타이의 대모험 1~37완,03월 06일
비디오걸 1~15완,책장 5-5
격기3반 1~11권,책장 1-2
충사1~10완,03월 02일
복종하지 않는 자 1~6완,책장 5-2
쿠로즈카 1~10완,책장 5-2
데모크라티아 1~5권(완),책장 5-7
say love... 1~11권(완),책장 8-8
도망을 잘치는 도련님 1~14권,책장 6-1
"원룸, 햇볕 보통, 천사 딸림 1~6권",책장 8-12
"전야제 상,하",책장 8-11
유치원wars 1~10권,책장 1-1
동거인 사노군은 그저 유능한 담당편집자일뿐입니다 1~5권,책장 8-11
죠죠의 기묘한 모험 8부 죠죠리온 1~18권,책장 1-5
러버스키스 단편,책장 5-5
베일 veil 1~3권,07월 01일
나와 미모사의 75일 1~2권,책장 7-7
태양과 달의 강철 1~6권,책장 6-2
카난님은 초보 악마 1~6권,책장 7-10
대동경귀가전 1~3권,책장 7-7
이치노세일가의 대죄 1~3권,책장 7-7
뱀피어즈 1~6권,책장 8-12
위치워치 1~14권,책장 1-1
마루는 강쥐 1~5권,책장 7-2
숨을 쉴 수 없는건 네 탓이야 1~4권,책장 8-11
사랑할 수 없는건 네 탓이야 단편,책장 8-11
아기다람쥐가 다 잘해요 1~4권,책장 7-2
과분한 남친 1~8권,책장 8-12
AIRGEAR 에어기어 1~37권(완),책장 2-5
울어라 펜 1~7권,책장 7-7
푸른 상자 1~15권,1층 키오스크 옆
메달리스트 1~10권,책장 2-1
검은 고양이와 마녀의 교실 1~8권,책장 3-3
스물과 성수 1~3권,책장 8-12
오 나의 여신님 신장판 1~14권,책장 7-1
샹그릴라 프론티어 1~17권,03월 03일
파티피플 공명 1~17권,04월 02일
용이 비를 내리는 나라 1부 1~3권,책장 8-11
전주교실 1~4권,책장 6-1
평화로운 나라의 시마자키에게 1~5권,책장 7-7
아카네 이야기 1~8권,책장 4-2
지팡이와 검은위스토리아 1~8권,책장 1-1
어둠의 실력자가 되고 싶어서 1~8권,책장 3-3
버서스 1~3권,책장 7-7
가챠맨 1~3권,책장 7-7
아슬란전기 1~17권,06월 01일
속삭이듯 사랑을 노래하다 1~9권,책장 7-9
매일 휴일 1~7권,책장 7-8
돌격크로마티고교 1~17권(완),책장 2-7
사쿠라 사쿠 1~9권,책장 8-13
너와 잇는 물거품 1~5권,책장 7-9
바니타스의 수기 1~11권,03월 03일
2.5차원의 유혹 1~19권,책장 7-9
PPPPPP 1~8권 (완결),04월 02일
할아버지 할머니 회춘하다 1~7권,책장 7-8
흑무경담 1권,책장 7-7
H 에이치 1~6권(완),책장 8-9
S.L.H stray love hearts 1~5권(완),책장 8-7
금남의 토도로키장 1~7권(완),책장 8-10
에프 F(1~28완),02월 03일
Bartendar 바텐더 1~21완,04월 01일
복원가의 집 1~26권,책장 4-2
내 이야기!! 1~13권,책장 7-9
아이실드21 1~37권 완,책장 2-2
에로망가 선생 1~7권,책장 7-9
"사랑하고 사랑받고, 차고 차이고 1~12권",책장 8-13
친구게임 1~25,책장 5-3
쿠라사키말따윈안들을거야 1~19완,10(화장실 옆)
P와 여고생 1~16권(완),책장 8-13
프리즈마 이리야 1~9권,책장 3-1
크게 휘두르며 1~35권,책장 2-1
타카네와 하나 1~18권(완),책장 8-1
귀여운 사람 1~7권,책장 8-4
가브릴드롭아웃 1~11권,책장 7-9
왕자에게는 독이 있다 1~10권,책장 8-14
남자 고교생의 일상 1~7권,책장 7-8
물방울 허니 보이 1~10권,책장 8-3
보쿠걸 1~11권,책장 7-8
다가시카시 1~11권,책장 7-10
어제뭐먹었어 1~22권,책장 4-3
늑대와향신료(코믹스) 1~16권,책장 7-9
PEACEMAKER 피스메이커 1~17권 완,책장 6-2
레드문 1~11권(완),책장 8-17
스트롭에지 1~10권(완),책장 8-13
쿠마미코 1~8권,책장 4-2
사랑과 요괴와 학생회 1~4권,책장 8-14
헤로인 실격 1~10권(완),책장 8-5
요괴 아파트의 우아한 일상 1~28권,책장 5-3
꽃에게 짐승 1~10권,책장 8-3
좋아한다고 말하게 하는법 1~9권,책장 8-4
주문 배달의 왕자님 1~8권,책장 4-1
러브인 하우스 1~10권,책장 8-14
홍색히어로 1~20권(완),책장 8-13
유라기장의 유우나씨 1~24권,책장 8-10
전대대실격 1~13권,책장 1-7
결벽남자! 아오야마군 1~13권,책장 1-2
"마왕님, 리트라이! 1~4",책장 1-4
대다크 1~5권,책장 1-1
리얼 1~15권,책장 2-1
에어리어의기사 1~57권 완,책장 2-4
다이아몬드에이스 2부 1~34권 완,책장 2-4
고앤고 1~30권 완,책장 2-4
테니스의왕자 1~42권 완,책장 2-6
나의히어로아카데미아 1~41권(완결),책장 1-3
슈팅 코리아 1~32권,책장 2-6
거인의별 하나가타 1~22권 완,책장 2-6
겟백커스 1~39권 완,책장 2-7
코드기어스 1~7권 완,책장 3-1
이누X보쿠SS 1~11권 완,책장 3-1
재봉사의공방 1~13권 완,책장 3-1
블랙캣 1~20권 완,책장 3-1
데스마스크 1~4권 완,책장 3-1
쿠로가네 1~8권 완,책장 2-7
마이언전기 1~14권,책장 3-1
불꽃의인페르노 1~6권,책장 3-2
풍장의시대 1~9권 완,책장 3-2
카니발 1~28권 완,책장 3-3
야이바 1~24 완,책장 3-3
절대미각 식탐정 1~16권 완,책장 4-1
셰프 1~41권 완,책장 4-1
키라라의 일 1~23권 완,책장 4-4
맛의 달인 1~111권,책장 4-4
하나씨의 간단 요리 1~3권,책장 4-4
먹짱 1~24권 완,책장 4-5
프리징 1~14완,책장 3-6
철냄비짱 정상작전 1~10권 완,책장 4-5
BECK 벡 1~34권 완,책장 4-2
스즈메의 문단속 1~3권 (완),책장 7-7
은수저 1~14권,책장 4-2
전당포 시노부의 보석상자 1~22권,책장 4-2
절원의 템페스트 1~10권 완,책장 3-5
하나마루 유치원 1~11권 완,책장 4-2
안녕 자두야 1~34권,책장 4-6
"시골개와 서울고양이 1,2권",책장 4-6
책벌레의 하극상 1~5권,책장 4-3
꽃에 물들다 1~8권 완,책장 4-3
풀솜나물 1~8권 완,책장 4-3
요괴전문 의사선생님 1~15권 완,책장 4-7
최상의 명의 -더 킹 오브 니트- 1~19권 완,책장 4-7
최상의 명의 1~11권 완,책장 4-7
서점 숲의 아카리 1~12권 완,책장 4-7
견신 1~10권 완,책장 5-7
불쾌한 모노노케안 1~11 완,책장 5-3
AREAD(이능영역) 1~13 완,책장 5-6
3X3EYES 1~40 완,책장 5-6
제로 시작의관 1~10 완,책장 5-6
누라리횬의 손자 1~25 완,책장 5-2
바질리스크 1~5권,책장 5-2
아라크니드 1~14,책장 5-2
에덴의왕 1~6,책장 5-5
요괴소년 호야 1~33,책장 5-5
탐정학원Q 1~22완+프리미엄,책장 5-4
차나왕 요시츠네 겐페이전쟁 1~29권 완,책장 6-1
황혼소녀 X 암네지아 1~10권 완,책장 5-4
차나왕 요시츠네 1~22권 완,책장 6-1
ReMember 리멤버 1~7 완,책장 6-2
용랑전 1~21권,책장 6-3
용랑전 왕패입국편 1~9권,책장 6-3
격투맨 바키 1~42권(+외전) 1부 완,책장 6-5
바키 외전 1~5권,책장 6-5
바키 1~31권,책장 6-5
한마바키 1~37권 완,책장 6-5
수라문 1~31권 완,책장 6-5
용오 the Negotiator 1~12권,책장 6-6
붉은매2 1~28권,책장 6-6
도시정벌 제12부 1~9권,책장 6-7
"꼴찌, 동경대 가다! 1~21권 완",책장 6-7
도쿄대 리벤저스 ~바지 케이스케로부터의 편지~ 1~4권,책장 7-7
Kotteri! 코테리 1~3권,책장 7-7
벚꽃사중주 1~31권,책장 7-8
소년메이드 1~10권 완,책장 8-11
오빠의 아내와 살고 있습니다 1~10권,책장 7-9
메이드 인 어비스 MADE IN ABYSS 1~12권,책장 7-7
스즈미야 하루히의 우울 1~20권 완,책장 7-9
미도리의나날 1~8권 완,책장 7-9
노게임 노라이프예요! 1~4권(완),책장 7-10
집주인은 사춘기! 1~4권,책장 7-10
서른 즈음이지만 첫사랑입니다,책장 7-10
내 여친은 최고입니다! 1~6권 완,책장 7-10
논논비요리 1~11권,책장 7-10
To LOVE -트러블- 1~18권 완,책장 7-10
용이 비를 내리는 나라 2부 1~3권,책장 8-11
용이 비를 내리는 나라 3부 1~4권 완,책장 8-11
엔도군 관찰일기,책장 8-11
밤하늘 한구석에,책장 8-11
시맨틱에러 1~2권,책장 8-11
햇빛이 들린다 -춘하추동- 1~2권,책장 8-11
햇빛이 들린다 -리미트- 1~3권,책장 8-11
햇빛이 들린다 -행복론-,책장 8-11
비밀 (더 톱 시크릿트) 1~12권 완,책장 8-11
진격 거인 중학교 1~11권 완,책장 1-7
방주,책장 8-11
비실쟁이 달링,책장 8-11
빗소리 노래,책장 8-11
뒤틀린 표적,책장 8-11
첼로 멜로우,책장 8-11
안녕 형,책장 8-11
아리마씨는 오메가가 되고 싶어,책장 8-11
파인더의 끝,책장 8-11
파인더의 화염,책장 8-11
파인더의 포옹,책장 8-11
파인더의 밀약,책장 8-11
파인더의 고동,책장 8-11
파인더의 밀월,책장 8-11
아오바 군의 시크릿 버진,책장 8-11
성충권의 빛 1~2권,책장 8-11
도쿄리벤저스 1~31권(완),책장 1-3
Dreams드림 1~71권(완),책장 2-5
우다가와에서 기다려 줘.,책장 8-11
처음부터 끝까지 사랑,책장 8-11
왕자와 맺어진 밤,책장 8-11
숏 타입 콤플렉스,책장 8-11
사랑은 세계를 구하는 걸까,책장 8-11
이 만남은 최악,책장 8-11
월영,책장 8-11
염려스러운 동정,책장 8-11
양아치의 오타쿠 남친,책장 8-11
잊어버린 너와의 300일,책장 8-11
WORST 워스트 1~33권(완),책장 2-7
댄싱 컬러즈 DANCING COLORS,책장 8-11
천일야화 1~10권,책장 8-11
퍼펙트 월드 1~12권(완),책장 8-12
우리 남동생들이 죄송합니다 1~6권,책장 8-12
누나의 친구가 성가신 이야기 1~2권,책장 8-12
친구의 누나를 사랑한 이야기 1~2권,책장 8-12
나의 행복한 결혼 1~5권,책장 8-12
히노코 1~8권,책장 8-12
정반대의 너와나 1~6권,책장 7-8
타나카시리즈(폭두고딩+폭두방랑+폭두직딩+폭두백수 총40권완),책장 2-6
하늘의플라타너스 1~28권(완),책장 2-5
이세계에서 왕태자비 시작했습니다,책장 8-12
거짓말쟁이 보이프렌드 1~7권,책장 8-12
못난 부녀지간입니다만 1~7권,책장 8-13
슈가솔저 1~10권,책장 8-13
꽃집과 악마 1~10권(완),책장 8-13
쿠로사키 말따위 안 들을 거야 1~19권(완),책장 8-14
건방진 그 녀석 1~23권,책장 8-14
남자친구는 오렌지색 1~13권,책장 8-14
좋으니까 좋아 1~3권,책장 8-14
걷고 있어 1~11권(완),책장 8-14
나와 너의 소중한 이야기 1~7권(완),책장 8-14
집사님 마음대로 1~21권(완),책장 8-14
우리는 언제나 1~11권(완),책장 8-14
언니의 결혼 1~8권(완),책장 8-15
(번외편) 너에게 닿기를 운명의 사람 1~3권,책장 8-15
여명의 아르카나 1~13권(완),책장 8-16
순혈 그이 1~10권(완),책장 8-16
Pure Crown 퓨어 크라운 1~8권,책장 8-17
하백의 신부 1~ 24권(완) + 외전,책장 8-17
도쿄대리벤저스 1~2권,책장 7-7
하루꾼 1~5권,책장 8-17
Vampire Library 뱀파이어 도서관 1~13권(완),책장 8-17
푸른유리 1~7권,책장 8-17
탐나는도다 1~14권(완),책장 8-17
무명기 1~14권,책장 8-17
네가 있던 미래에선 1~11권,책장 8-18
물고기의 밤 1~9권,책장 8-18
RURE 루어 1~30권,책장 8-18
Lady detective 레이디 디텍티브 1~6권(완),책장 8-18
매리는 외박중 1~10권(완),책장 8-18
체리 신드롬 1~10권,책장 8-10
교과서엔 없어! 1~17권,책장 8-10
심해수 1~9권(완),책장 7-1
유미의 세포들 1~13권(완),책장 7-1
무민 코믹 스트립 완전판 1~6권,책장 7-1
호문쿨루스 1~15권(완),책장 5-3
양말도깨비 시즌3,책장 7-4
통 - 비밀 1~4권(완),책장 7-6
탐묘인간 1~4권(완),책장 7-6
마음의 소리 레전드100 1 - 깨어난 재미,책장 7-6
Rookies 루키즈 1~24권(완),책장 8-8
마음의 소리 레전드100 2 - 노잼의 복수,책장 7-6
마음의 소리 레전드100 3 - 갓석의 귀환,책장 7-6
마음의 소리 레전드100 4 - 보이지 않던 재미,책장 7-6
방패용사 성공담 1~19권,책장 7-7
동네에서 소문난 텐구의 아이 1~11권,책장 8-1
흑백작은 별을 사랑한다 1~12권(완),책장 8-1
오빠가 여동생이고 여동생이 오빠고 1~7권(완),책장 8-1
첫사랑 몬스터 1~8권,책장 8-1
연애 서바이벌 1~7권,책장 8-2
그럼에도 불구하고 1~3권(완),책장 8-2
건방진천사(1~20완),책장 2-7
황태자 혹은 프린스 1~3권(완),책장 8-2
청루오페라 1~12권(완),책장 8-2
솔로이야기 1~7권,책장 8-2
코우다이가 사람들 1~6권(완),책장 8-2
오전 3시의 위험지대 1~4권(완),책장 8-2
네 곁에서 청춘중 1~8권(완),책장 8-2
은빛 숟가락 1~13권,책장 8-2
골목길 연가 1~4권(완),책장 8-2
식스 하프 1~11권(완),책장 8-2
마음 단추 1~12권(완),책장 8-2
드림슈터(1~26완),02월 02일
미약카페 1~7권(완),책장 8-2
이름없는 꽃 1~3권(완),책장 8-2
사랑한다고 말해 1~18권(완),책장 8-2
연애니 사랑이니 1~11권(완),책장 8-2
해파리 공주 1~17권(완),책장 8-2
에도로 가자! 1~6권(완),책장 8-2
할렘비트는 새벽까지 1~5권(완),책장 8-3
네가 없는 낙원 1~ 14권,책장 8-3
스트레인지 드래곤 1~3권(완),책장 8-3
사막의 하렘 1~10권(완),책장 8-3
로스트맨(1~7완),책장 2-2
병아리 사랑 1~14권(완),책장 8-3
클로버 트레플 1~10권,책장 8-3
한낮의 유성 1~12권(완),책장 8-3
푸른하늘 옐 1~19권(완),책장 8-3
101명째 아리스 1~9권(완),책장 8-3
오오타사키 단편집 1 좋아하지않아,책장 8-3
오오타사키 단편집 2 짓궂은 천사,책장 8-3
오오타사키 단편집 3 설레임의 카르테,책장 8-3
오오타사키 단편집 4 날아가기 시작한 큐피드,책장 8-3
네곁의 나 1~10권(완),책장 8-3
베이비스텝 1~47권(완),책장 2-4
각시는 귀공녀 1~18권,책장 8-3
키스 & 네버 크라이 Kiss and Never Cry 1~11권(완),책장 8-3
소녀 소년 학급단 1~6권,책장 8-4
러브팬덤 1~12권,책장 8-4
가짜 커플 1~11권(완),책장 8-4
빨강머리 백설공주 1~25권,책장 8-4
여자의 식탁 1~8권(완),책장 8-4
라스트 게임 1~11권(완),책장 8-4
뱀파이어 기사 1~19권(완),책장 8-4
굿모닝 키스 1~21권,책장 8-5
스바루(1~11+ 문1~9 총20권완),책장 4-2
주먹에산다 1~24권,책장 6-5
마녀는 두번 신음한다 1~6권(완),책장 8-6
문moon 1~9권(완),책장 4-2
원펀맨 1~31권,책장 1-3
도시로올시다! 1~8권 완,책장 2-7
그리운 손,책장 10-1
악마? 허니!,책장 10-1
귀여운 당신에게 달콤한 덫,책장 10-1
교내 연애 카운슬러,책장 10-1
꽃다발처럼 안아줘,책장 10-1
금목서 나무에 이별을,책장 10-1
감미로운 잇자국,책장 10-1
꽃과 호두와 달콤한 생활,책장 10-1
고집스러운 키스,책장 10-1
꼬맹이라도 괜찮아,책장 10-1
그리고 세계는 너를 위해,책장 10-1
게으름뱅이의 연애 제조법,책장 10-1
곁에 있는데도 너무나 먼,책장 10-1
공중 포옹,책장 10-1
공중 정원,책장 8-10
그의 초조함과 사랑에 관해,책장 10-1
고양이과 남친을 어르는 법,책장 10-1
귀여운 콤플렉스!,책장 10-1
귀여운 콤플렉스! (여름방학 망상 편),책장 10-1
귀축안경 - 혼다X카츠야 편 -,책장 10-1
귀멸학원! 1~6권 (완),책장 1-3
귀축안경 - 미도우X카츠야 편 -,책장 10-1
개와의 나날,책장 10-1
Golden Eyes 골든 아이즈,책장 10-1
근거리 연애 어떠신가요,책장 10-1
기사와 맹세의 꽃 -상-,책장 10-1
"녹아, 내리다",책장 10-1
꿈꾸는 소년,책장 10-1
"남자, 화원으로 가면",책장 10-1
"남자, 꽃빛으로 물들면",책장 10-1
날 빼앗아 줘,책장 10-1
그 모두가 필연?,책장 10-1
고양이 유혹술,책장 10-1
나나미 엄마가 되었습니다,책장 10-1
권태,책장 10-1
검은 고양이 남친이 응석부리는 법,책장 10-1
그야 선생님도 남자니까요!,책장 10-1
가난뱅이 작가의 사랑법,책장 10-1
그날 우리는 교정에서,책장 10-1
그 입술에 사랑을,책장 10-1
꽃그림자의 기억,책장 10-1
그 눈으로 말해,책장 10-1
고교 교사,책장 10-1
I wish... 꽃다운 얼굴,책장 10-1
귀여운 나머지 뭔가 백 배,책장 10-1
기사의 조건,책장 10-1
겁쟁이의 스펙테이터,책장 10-1
각오해둬!,책장 10-1
그들은 밤이나 빗속에,책장 10-1
나에게 필요한 것,책장 10-1
구속 프로그램,책장 10-1
네거티브 히로인,책장 10-1
너 따위 필요 없어,책장 10-1
패밀리어,책장 10-1
파라다이스 베이비,책장 10-1
푹 하고 빠졌다?,책장 10-1
파트너의 사랑법,책장 10-1
페티쉬,책장 10-1
세끼 밥보다 네가 좋아,책장 10-1
거기 앉지 마,책장 10-1
파인더의 열정,책장 10-1
피부 위의 연애사정,책장 10-1
프리즘 스펙트럼,책장 10-1
플라스틱 로맨틱,책장 10-1
풋사랑,책장 10-1
포옹 실험,책장 10-1
폴라리스까지의 거리,책장 10-1
페로몬 트랩,책장 10-1
파파's 어쌔신 ~류노스케는 날아간다~,책장 10-1
파더 콤플렉스,책장 10-1
두근두근 마음,책장 10-1
동정 어때요?,책장 10-1
I'll call you mine 아일 콜 유 마인,책장 10-1
연애룰,책장 10-1
반짝반짝 흘러넘쳐,책장 10-1
빼앗긴 시선,책장 10-1
부자군과 가난군,책장 10-1
방과 후 너구리 축제,책장 10-1
백목련이 피었다면 제1집,책장 10-1
BLACK DIAMOND,책장 10-1
변덕스런 범의 유혹,책장 10-1
변변찮은 버서스!,책장 10-1
불경 하이브리드,책장 10-1
불손한 연애혁명,책장 10-1
시크의 S는 사디스트의 S,책장 10-1
센티멘탈 가든러버,책장 10-1
세상은 우리 둘로 이뤄져 있어,책장 10-1
수상한 몸,책장 10-1
"사랑에 빠져요, 대디",책장 10-1
선생님은 거짓말쟁이,책장 10-1
숏바운드 1~33권(완),책장 2-1
쌍둥이처럼,책장 10-1
새장 속의 새는 사랑에 운다,책장 10-1
소원은 햇볕 아래서,책장 10-1
신경 쓰이는 그 아이,책장 10-1
철부지 야수의 조련법,책장 10-1
순정계 페티시즘,책장 10-1
창가의 그대,책장 10-1
최후의 반항기,책장 10-1
헌터x헌터 1~37권,책장 1-3
Petshop of horrors 펫숍 오브 호러스 1~10권,책장 8-6
연하 남자와 평범 교사,책장 10-1
여왕의 꽃 1~15권(완),책장 8-6
이야기는 죽음으로 끝나지 않는다,책장 10-1
아들이 신세를 지고 있습니다!,책장 10-1
신 박씨전 어화둥둥 내 보르미 1~10권(완),책장 8-7
우리들의 삼파전,책장 10-1
Martin & John 1~7권,책장 8-7
유라라의 달 1~5권(완),책장 8-7
후지켄 1~22권(완),책장 8-8
야왕 1~29권(완),책장 8-8
OPEN SESAME 오픈 세서미 1~20권(완),책장 8-8
파검기 1~37권(완),책장 8-8
서울 협객전 1~28권(완),책장 8-9
엘리트 건달 1~51권(완),책장 8-9
마제 1~55권(완),책장 8-9
라스트 ~우리는 미래를 위하여~ 1~2권(완),책장 8-9
불길한 날에 프로포즈,책장 10-1
첫사랑의 저편,책장 10-1
Gangking 갱킹(1~27),02월 07일
당신을 만족시키기 위해,책장 10-1
또 만나러 갈게,책장 10-1
닥터는 저기압,책장 10-1
당신의 꽃봉오리를 책임집니다!,책장 10-1
다우트,책장 10-1
"뒤틀린 삼각, 풀리고 얽히다",책장 10-1
뜨거운 몸 사랑하는 몸,책장 10-1
러브 스토리즈,책장 10-1
LOVE 아로마 BODY,책장 10-1
러버즈 돌,책장 10-1
GTO반항하지마 애장판 1~14권(완),책장 2-7
로맨틱 풀세트!!,책장 10-1
러브러브레드 ~사랑의 베이커리~,책장 10-1
리미터,책장 10-1
로터스 이터,책장 10-1
링크 -나와 너의 사이-,책장 10-1
레즌느와르 ~적의 순정 백의 열정~,책장 10-1
로널드의 야망,책장 10-1
Limit 리미트,책장 10-1
리피트 애프터 미?,책장 10-1
레시피 왕자님,책장 10-1
제곱 사랑의 전술,책장 10-1
잔혹한 당신과 함께,책장 10-1
저희 탐정을 모르십니까?,책장 10-1
제너럴 블러드,책장 10-1
한 번 더 입맞춤을,책장 10-1
He is beautiful.,책장 10-1
한밤중에 부엌에서,책장 10-1
혹닉취미,책장 10-1
"사장과 비서, 사랑의 증명",책장 10-2
스무살의 생일날에,책장 10-2
상남2인조 1~15권(완) 애장판,책장 2-7
새벽에 피는 꽃의 색,책장 10-2
사랑의 성숙기 사랑의 제철,책장 10-2
스위트 몬스터,책장 10-2
서예가의 사랑,책장 10-2
손끝의 연정,책장 10-2
스위트 라이프,책장 10-2
싫어의 반대,책장 10-2
최애의 아이 1~15권,1층 키오스크 옆
휘슬(1~24완),책장 2-6
나 NA 1~13권(완),책장 5-4
청공 1~13완,책장 2-1
아카메가벤다 1~15권(완),책장 1-3
모노크로 소년소녀 1~12권(완),책장 8-5
사랑은 반짝반짝 1~8권(완),책장 8-5
일요일에 태어난 아이,책장 10-1
이웃은 문을 두드린다,책장 10-1
M의 열정,책장 10-1
와일드 허니,책장 10-1
울지마 오오쿠보군,책장 10-1
꽃과 악마 1~10권(완),책장 8-13
제물공주와 짐승의 왕 1~15권(완),책장 8-6
수신의 신부 1~11권(완),책장 8-6
야수 같은 사랑,책장 10-1
나노카의 그이 1~14권(완),책장 8-3
스피드 도둑 1~18권(완),책장 2-3
아일랜드 1~7권(완),책장 3-7
드래곤볼_풀컬러마인부우편 1~6권,책장 3-5
무지개 라면 1~18권(완),책장 4-5
살육의 천사 에피소드 제로 1~4권,책장 5-1
메이커 비공식 하츠네 믹스 1~3권(완),책장 7-7
핫도그 1~31권(완),책장 8-9
Say Love... 세이 러브 1~11권(완),책장 8-8
구타닷컴 1~15권(완),책장 8-10
FULL HOUSE 2 풀하우스 새로운 이야기 1~5권(완),책장 8-7
하이힐을 신은 소녀 1~14권(완),책장 8-7
셜리 1~2권,책장 8-6
염한 -수려한 남자- 1~18권,책장 8-6
新 Petshop Of Horrors 신 펫숍 오브 호러즈 1~12권(완),책장 8-6
내 첫사랑을 너에게 바친다 1~12권(완),책장 8-6
별은 노래한다 1~11권(완),책장 8-5
마담 프티 1~11권(완),책장 8-5
Cafe 미나미아오야마 골동품거리 1~13권,책장 8-5
키라라의 별 1~13권(완),책장 8-5
나 1~!3,05월 06일
"오늘, 사랑을 시작합니다 1~15권(완)",책장 8-5
그것은 내 사랑이 아니야,책장 10-1
오늘 밤 너를 생각하다,책장 10-1
연애 성장기,책장 10-1
아프리오리 ~너와 나의 연애 규칙~,책장 10-1
연애서클,책장 10-1
안녕 나의 프린세스,책장 10-1
오타쿠의 우울,책장 10-1
임금님의 사랑 유희,책장 10-1
온 더 콰이어트,책장 10-1
공략 신드롬,책장 10-1
"only you, only",책장 10-1
악마는 사랑 안 해!,책장 10-1
야수의 마킹,책장 10-1
일어나서 처음 하는 것,책장 10-1
올모스트 파라다이스,책장 10-1
24시간 영업 중,책장 10-1
연예계의 사정,책장 10-1
근거리 연애,책장 10-1
GT,02월 07일
잘생겼군과 시원찮군,책장 10-1
속도위반 가족,책장 10-1
사랑하는 왕자님,책장 10-2
3월 모일 곰을 주웠다,책장 10-2
사루쿠이산 사건 파일,책장 10-2
색의인화 컬러풀 보이즈,책장 10-2
스위치 ON!,책장 10-2
sweep!,책장 10-2
석양빛이 닿는 그 앞에,책장 10-2
사랑을 한 입,책장 10-2
STAR Knight 스타 나이트,책장 10-2
SNEAKY RED 스니키 레드,책장 10-2
속까지 부드럽게 캐내줘,책장 10-2
신록 -사랑기-,책장 10-2
신록 -소년기-,책장 10-2
사로잡힌 눈동자,책장 10-2
"오늘밤, 미스터에서",책장 10-2
인연,책장 10-2
사랑스러운 닥터 코트,책장 10-2
사랑하는 몸,책장 10-2
설탕처럼 달콤하게,책장 10-2
BLUE GIANT 블루 자이언트 1~10권,책장 4-2
모브코의 사랑 1~18권,책장 8-13
엔젤전설 1~10권,책장 2-2
하츠하루 1~8권,책장 8-13
신다다다 1~2권(완),책장 8-14
"안경, 때때로, 불량아 1~5권",책장 8-13
밟고 차고 사랑하고 1~4권,책장 8-13
적어도 이건 사랑 1~5권,책장 8-13
센티멘탈키스 1~4권,책장 8-13
데드데드 데몬즈 디디디디디스트럭션 1~11권,책장 1-1
사슴아이 어슬렁어슬렁 호시탐탐 1~5권,책장 1-1
방과후소년하나코군 1~2권,책장 1-1
주식회사 아지루미에 1~12권,책장 1-4
엔젤전설 1~10권,책장 2-2
괴도키드 1~5권,책장 5-1
숲속의담 1~10권,책장 7-1
악역의 엔딩은 죽음뿐 1~7권,책장 7-1
틴틴팅클 1~2권,책장 7-1
동인녀의 감정 1~3권,책장 7-7
케이온 1~4권,책장 7-7
블레스 1~5권,책장 7-7
골든골드 1~9권,책장 7-7
내집으로와요 1~4권,책장 7-7
킬블루 1~3권,책장 7-7
하쿠메이와 미코치 1~11권,책장 7-7
Gachiakuta(가치액터) 1~10권,책장 7-7
번뇌서유기 1~7권,책장 7-8
드래곤볼SD 1~6권,책장 7-7
매리지톡신 1~8권,책장 7-7
우에키의법칙플러스 1~5완,책장 3-3
태엽감기카규 1~16 완,책장 1-5
괴롭히지말아요 나가토로양 1~18권,책장 7-9
길티이노센스 1~9권,책장 8-11
지뢰계남친 스즈군 1~2권,책장 8-11
체크메이트 1~3권,책장 8-11
뇌신과샐러리맨 1~5권,책장 8-11
야화첩 1~4권,책장 8-11
이웃집스텔라 1~6권,책장 8-12
귀엽다는말들은적없어 1~9권,책장 8-12
야마다가의여자 1~4권,책장 8-12
타마의포상 1~5권,책장 8-12
추락여고생과 폐인교사 1~17권,책장 8-12
어쌔신&신데렐라 1~3권,책장 8-12
카드캡터사쿠라 클리어카드편 1~16권,책장 8-14
변덕쟁이 오렌지로드 1~10권,책장 8-16
불의검 1~12권,책장 8-17
어차피 울 거라면 사랑이 좋아 1권,책장 8-12
사과에 벌꿀,책장 10-2
책상 밑 연애술,책장 10-2
왕자님은 샐러리맨,책장 10-2
충견과 군주,책장 10-2
마기 1~37권(완),책장 3-3
조준 사격,책장 10-2
제멋대로 쥬얼,책장 10-2
JUNK! BOYS,책장 10-2
장미의 눈동자는 폭탄,책장 10-2
8월의 숲,책장 10-2
패러럴 라인,책장 10-2
페티시스트,책장 10-2
포르노그래퍼,책장 10-2
저항할 수 없어!?,책장 10-2
지옥순례 上,책장 10-2
마기_신바드의모험 1~19권(완),책장 3-3
잔혹하게 사랑을 속삭여줘,책장 10-2
자갈밭의 낙원,책장 10-2
빗속에서 찾아왔다,책장 10-2
보디가드와 위험한 키스,책장 10-2
우선은 쟁탈전!,책장 10-2
침대 밑의 비밀,책장 10-2
요시다 형제 이야기,책장 10-2
팔려온 신부,책장 10-2
나쁜 왕자라도 좋아,책장 10-2
능력자 군과 날라리,책장 10-2
어떤 과학의 초전자포 1~15권,책장 3-1
네가 아니면 안 돼,책장 10-2
느끼면 안 돼,책장 10-2
Nobody Knows,책장 10-2
니시마치 진료소의 비밀,책장 10-2
"남은 남, 우린 우리",책장 10-2
너에게 줄게,책장 10-2
낙원의 감옥,책장 10-2
남자아이인걸!,책장 10-2
나와 너의 러브 해러스먼트,책장 10-2
내가 사랑해줄게,책장 10-2
경계의린네 1~40완,03월 04일
내숭떠는고양이,책장 10-2
달콤한 계약,책장 10-2
드라마틱하게 사로잡아!,책장 10-2
뒤에서 안아줘,책장 10-2
돌아갈 수 없는 나라,책장 10-2
닥터는 저기압,책장 10-2
달콤한 조건,책장 10-2
대나무 미인,책장 10-2
단칸방 왕자,책장 10-2
동반자의 방침,책장 10-2
나츠메 우인장 1~29권,책장 8-12
동생으로 있을 수 없어!!,책장 10-2
동인남 이야기,책장 10-2
당신의 개가 되고싶어,책장 10-2
달아오른 몸,책장 10-2
"도쿄 러브 上,下",책장 10-2
연인 스크램블,책장 10-2
이어지고 싶어,책장 10-2
야사카 고교 사교댄스부,책장 10-2
오늘밤은 테크아웃으로,책장 10-2
왕자님은 우울,책장 10-2
"페어리테일 1~63완+외전 1,2",03월 04일
잃어버린 것,책장 10-2
입술을 채우다,책장 10-2
오늘 사정에 따라서,책장 10-2
얼터너,책장 10-2
어린양과 늑대,책장 10-2
연애 트리트먼트,책장 10-2
이베리코 돼지와 사랑과 츠바키.,책장 10-2
어디까지든 달려갈게,책장 10-2
애착,책장 10-2
페어리테일S,03월 04일
운명은 내 곁에,책장 10-2
열정의 사이,책장 10-2
"야수주의 ~양편, 늑대편, 호랑이편~",책장 10-2
언럭키 스트라이크,책장 10-2
왕자가 사랑한 스파이,책장 10-2
이러려던 게 아니었는데,책장 10-2
사랑의 달콤한 부분,책장 10-2
심술궂은 사람,책장 10-2
사랑을 팔 거라면,책장 10-2
사내연애에 대하여,책장 10-2
충견 비서의 우울,책장 10-2
애인 예속 알레르기,책장 10-2
사장 모모이군,책장 10-2
춘희,책장 10-2
7월의 교차점,책장 10-2
천국이 아냐,책장 10-2
참배합니다,책장 10-2
나는 형,책장 10-2
나즈나 선생과 칸다군,책장 10-2
노하라 노하라노,책장 10-2
니혼바시 동반자살,책장 10-2
나는 내 길을 간다,책장 10-2
너는 운명의 반짝반짝,책장 10-2
네 마음속의 진실,책장 10-2
남자친구는 짐승!,책장 10-2
남몰래 사랑술,책장 10-2
늑대의 혈족,책장 10-2
네오아르카디아 ~어둠 속에 피어나는 무지개~,책장 10-2
은빛 과실,책장 10-2
녹아내리 듯,책장 10-2
이누카미! 1~6완,03월 04일
화려하고도 불합리하게,책장 10-2
하이파이 라이프,책장 10-2
화무소지에서 만나요,책장 10-2
행복해지지 않겠어요?,책장 10-2
화가원 방명록,책장 10-2
하늘색과 핑크 그리고 오렌지색,책장 10-2
학원헤븐 -시치조편-,책장 10-2
한낮의 사랑,책장 10-2
한결같이 찌푸린 얼굴,책장 10-2
해봐,책장 10-2
은혼 1~77완,03월 03일
호랑이와 늑대,책장 10-2
화분의 주인,책장 10-2
흔히 있는 일,책장 10-2
허니 트랩,책장 10-2
호텔 드루도 ~향락의 미인~,책장 10-2
홀아비의 아침식사,책장 10-2
형사에게도 사정이 있다,책장 10-2
흘러넘칠 것 같아,책장 10-2
혼자서도 할 수 있어!,책장 10-2
하늘이 만나는 장소에서,책장 10-2
HEARTY,책장 10-2
낙원의 뜰,책장 10-2
사막의 신부,책장 10-3
선생님에게 다가가고 싶어,책장 10-3
순간시그널,책장 10-3
SKY LINK -스카이 링크-,책장 10-3
심술궂은 입맞춤,책장 10-3
사막의 왕자님,책장 10-3
손잡기 놀이,책장 10-3
상복의 디너파티,책장 10-3
너의파편 1~9완,책장 4-2
세상에서 가장 서툰 서비스,책장 10-3
The end of youth ~사랑 노래~,책장 10-3
사로잡힌 달콤한 야수들,책장 10-3
사랑의 붉은 십자가,책장 10-3
손끝으로 사랑을 말해라,책장 10-3
사탕색 연심,책장 10-3
상사주제에 까불고 있어,책장 10-3
사랑밖에 못 해,책장 10-3
시간의 미아를 찾아서!,책장 10-3
속도위반 남자,책장 10-3
모모치네 집 요괴욍자 1~16권(완),책장 3-2
선생님의 연인,책장 10-3
카와바타 마을의 여러 기연담,책장 10-3
킹과 프린스,책장 10-3
calling 콜링,책장 10-3
쾌락남자S,책장 10-3
커리어 게이트,책장 10-3
카페 Relish로 오세요,책장 10-3
키네인!,책장 10-3
MO' SOME STING -모 썸 스팅-,책장 10-3
이 악마 녀석!,책장 10-3
지어스 1~11완,03월 02일
우리 동네 전파상,책장 10-3
연애게임,책장 10-3
블랑제의 연인,책장 10-3
반장하고 나! 나!!,책장 10-3
비터 허니,책장 10-3
열사의 굴레,책장 10-3
알아달라는 말은 못하겠지만,책장 10-3
AMETORA -아메와 토라-,책장 10-3
왼손이 키스,책장 10-3
언젠가 반드시 LOVE,책장 10-3
일리걸레어 1~4권(완),책장 3-7
EASY MODE,책장 10-3
클라라는 언제나 상처투성이,책장 10-3
키스 모어 키스!,책장 10-3
타카토가의 복잡한 사정,책장 10-3
왕자님의 분부대로,책장 10-3
영원한 보이프렌드,책장 10-3
뮤즈의 축복,책장 10-3
맛있는 남자,책장 10-3
망상 일렉텔,책장 10-3
만월에 구름,책장 10-3
미남자 연애론,책장 10-3
메테오 라이트,책장 10-3
마치 처음 사랑에 빠진 것처럼,책장 10-3
메마른 밤거리를 헤엄치다,책장 10-3
Mr. 시크릿 플로어 ~불꽃의 왕자~,책장 10-3
Mr. 시크릿 플로어 ~소설가의 장난스런 목소리~,책장 10-3
미안 아이돌군,책장 10-3
무녀허니,책장 10-3
마왕 러버 VS 왕자님,책장 10-3
마음이 맞는다는 건,책장 10-3
보석의나라 1~12권 완,책장 3-3
무색투명,책장 10-3
마이 홈 마이 달링!,책장 10-3
모자란 악마,책장 10-3
막무가내 작가와 패배자의 첫사랑,책장 10-3
매일 연애,책장 10-3
무뢰암,책장 10-3
말하게 하고 싶어,책장 10-3
밀월마저 약탈의 끝,책장 10-3
장남 사용 설명서,책장 10-3
좋잖아,책장 10-3
던전에서만남을추구하면안되는걸까 1~10권,책장 1-4
플런더러 1~21완,03월 02일
잠들지 못하는 연인,책장 10-3
절반의 집세로 살 수 있는 곳,책장 10-3
Only one 온리 원,책장 10-3
연애 Paradox,책장 10-3
월광 언덕의 꽃 정원 가을편,책장 10-3
약사의 첫사랑은,책장 10-3
어울리지 않는 초콜릿,책장 10-3
얄미움은 품속에서 다시 한 번,책장 10-3
토라의 첫사랑,책장 10-3
타락한 성자의 입맞춤,책장 10-3
동군 1~10,03월 03일
터닝 포인트,책장 10-3
발효 청년,책장 10-3
발끝에 빛의 길,책장 10-3
바보와 나와 음담패설,책장 10-3
비서와 사장의 비밀,책장 10-3
베이비 베이비 베이비,책장 10-3
봄의 눈,책장 10-3
밤을 배회하는 사람,책장 10-3
바닐라 리조트,책장 10-3
블랙 쉽 다운,책장 10-3
쿠레나이 1~10권(완),책장 3-6
비온 뒤의 샤이한 레인보우,책장 10-3
"박사의 창조물 上,下",책장 10-3
빠져든 사랑의 깊은 상처,책장 10-3
벌꿀 피부미인,책장 10-3
병아리 왕자님,책장 10-3
별보다 은밀하게,책장 10-3
내가 원하는 단 한가지,책장 10-3
너는 운명보다 달콤하게,책장 10-3
내 친구가 XX였던 사건,책장 10-3
눈과 눈이 마주치면 안녕,책장 10-3
내가 좋다고 말 못하는 이유,책장 10-3
나족의 신부,책장 10-3
녹슨 달,책장 10-3
너 없인 살 수 없어,책장 10-3
너는 운명의 반짝반짝,책장 10-3
니카와 군은 사랑이 하고 싶어!,책장 10-3
진심이 된 메리맨,책장 10-3
짝사랑이즘,책장 10-3
중요한 일이니까 두 번,책장 10-3
머스터드 허니,책장 10-3
청의엑소시스트 1~29,책장 3-1
"미남, 섹시남",책장 10-3
매직 메일 초콜릿,책장 10-3
HELL&HEAVEN,책장 10-3
학생회장님의 펫,책장 10-3
한 사랑의 시작,책장 10-3
화장실의 왕자님,책장 10-3
연애증명,책장 10-1
어른이 되어도,책장 10-1
열전도,책장 10-1
이웃집 그 사람,책장 10-1
플래티넘엔드 1~14권(완),책장 1-7
왕자와 연인,책장 10-1
"안녕, Baby",책장 10-1
언제나 항상,책장 10-1
어리석은 자는 붉은색을 싫어한다,책장 10-1
영원한 7월,책장 10-1
울퉁불퉁한 우리들과,책장 10-1
이런 남자가 사랑받는다,책장 10-1
M식 프린세스 1~2권,책장 10-1
이 사랑은 비밀,책장 10-1
요리미츠 군의 동생,책장 10-1
샤먼킹 1~32권 완,책장 3-2
왕에게 키스!!,책장 10-1
"애인은 살해당했다 전,후편",책장 10-1
연애학습,책장 10-1
에이프런으로 아침식사를,책장 10-1
열받는 녀석,책장 10-1
영원히 머무는 곳,책장 10-1
양호실까지 몇 미터?,책장 10-1
애인,책장 10-2
입술의 행방,책장 10-2
에자키 가에 어서 오세요,책장 10-2
드래곤드라이브 1~14완,책장 3-3
임금님 게임,책장 10-2
옥상 풍경,책장 10-2
Age Called Blue,책장 10-2
월운,책장 10-2
아이가 러브하는 건 유라구!,책장 10-2
오해도 사랑이니까,책장 10-2
열애 콤플렉스,책장 10-2
은밀한 이곳에서,책장 10-2
아이스 이글 파이어 호크,책장 10-2
우리 은신처로 오세요,책장 10-2
아무도 안 줘!,책장 10-2
엔드 러브,책장 10-2
이제부터 어떡하지?,책장 10-2
여름 사랑,책장 10-2
왕자님 공부,책장 10-2
열받는 녀석,책장 10-2
원하시는 대로,책장 10-2
열애상흔,책장 10-3
연애조작 1~2권,책장 10-3
신사협정을 맺자!,책장 10-3
마계왕자 1~15완,03월 01일
새장속에서,책장 10-3
사랑의 물방울,책장 10-3
시그널,책장 10-3
소울 메이트,책장 10-3
사랑에 물들어,책장 10-3
사랑하는 나의 비서,책장 10-3
순정만화가의 사랑,책장 10-3
사장과 나,책장 10-3
STOP! 주인님,책장 10-3
숨길 수 없는 사랑,책장 10-3
던전에서만남을추구하면안되는걸까_파밀리아클로니클ep.류 1~2,책장 1-4
에덴즈제로 1~32권,03월 01일
소년 뷰티,책장 10-3
사장님의 취미,책장 10-3
35도의 연애열,책장 10-3
사랑이라는 병에 바르는 약,책장 10-3
사랑은 언제나 폭풍처럼,책장 10-3
소심한 자의 행복,책장 10-3
씨크리트 게임,책장 10-3
시험해 주세요,책장 10-3
오렌지 빛 나날들,책장 10-3
영원히 머무는 곳,책장 10-3
공의 경계 1~9권,책장 5-2
아저씨와 고양이 1~12,책장 7-1
악마와 계약연애 1~8,책장 7-1
마이 브로큰 마리코,책장7-9
김전일 37세의 사건부 1~16권,책장 5-1
"촌구석 아저씨, 검성이 되다1~5권",책장 7-7
피치카토의 잠자는 숲1~3권,책장 8-12
아카리,책장 7-7
다이아몬드의 공죄 1권,1층 신간
천막의 자두가르 1~4권,책장 6-2
괴수8호 side B 1권,1층 신간
해왕단테 1~13완,03월 01일
너의 옆얼굴을 보고 있었다 1~3권,책장 8-12
태양보다 눈부신 별 1~9권,책장 8-13
볼 빨간 퍼스트 키스,책장 8-12
아자코이 1~4권,책장 8-12
야쿠자의 덕질 1~2권,1층 신간
밤의 이름을 불러줘 1~4권,책장 7-7
"빠졌어, 너에게",1층
빙속성 남자와 쿨한 동료여자 1~9권,책장 7-7
베르사유의 장미(애장판) 1~9권 (완),책장 7-1
휴일의 악당 1~6권,책장 7-7
금색의갓슈!! 1~33완,03월 04일
인소의 법칙 1~7권,책장 7-1
밤의 이름을 불러줘 1~5권,책장 7-7
별 내리는 왕국의 니나 1~13권,책장 8-18
위국일기 1~11권,책장 8-13
아카바네 호네코의 보디가드 1~9권,책장 7-7
무사시노 윤무곡 1~3둰,1층
망그러진 만화 1~2권,책장 7-1
김전일 37세의 사건부 1~16권,책장 5-1
묘쌤은 이렇게 말했다 1~4권,책장 7-8
"흑박물관 초승달이여, 괴물과 춤추어라 1~6권",책장 7-7
아키라 AKIRA 1~12권(완),책장 5-6
아혈의 음양사 1~4권,책장 7-7
팬텀 버스터즈 1권,1층
루리 드래곤 1~2권,책장 7-7
월요일의 타와와(청판) 1~9권,1층
플라잉 위치 1~13권,책장 7-8
최애가 부도칸에 가 준다면 난~ 1~10권,책장 7-8
그리게 된 이상 1~2권,책장 7-8
동경일일 1~3권,책장 7-7
조명가게 1~3권,책장 7-1
왕실교사 하이네 1~17완,03월 01일
신암행어사 1~17완+외전,03월 05일
신암행어사 외전,03월 05일
미스터지팡구 mister zipangu 1~8완,03월 06일
던전에서만남을추구하면안되는걸까 외전_소드오라토리아 1~13,책장 1-4
모두! 초능력자야! 1~8완,03월 06일
작안의샤나 1~10완,책장 3-1
기공마술사 1~19완,03월 05일
투수사 1~3권,책장 6-2
라르그라드 1~4완,책장 3-1
다크에어 1~12완,03월 05일
신피니트,03월 05일
다이스 1~6권(완),책장 8-8
유희왕 1~38완,03월 05일
다다다 1~9권(완),책장 8-14
결계사1~35완,03월 06일
총몽 라스트오더 Last Order 1~19권(완) + 외전,책장 5-6
최유기 리로드 1~10권(완),책장 8-6
바람계곡의나우시카 1~4완,책장 3-6
드래곤퀘스트_티아의대모험,03월 06일
슬로스텝 1~3완,02월 02일
꼭두각시서커스 1~43권(완),책장 5-6
티르전기 1~11완,03월 07일
지박소년하나코군 1~22권,책장 1-1
대런섄 1~12완,03월 07일
트라이피스 1~11완,03월 07일
혈계전선 1~10,03월 07일
E'S(이에스) 1~16완,03월 07일
테르마이 로마이 1~6권 완,책장 6-3
제로썸 1~6완,책장 3-7
판도라하츠 1~24완,03월 07일
심연의 카발리어 1~24권(완),책장 3-7
홀리토커 1부 1~6완,03월 07일
귀신별곡 1~9완,03월 07일
5등분의신부 1~14권 완,책장 7-10
도쿄레이븐스 1~10권,책장 3-7
녹색의왕 1~9완,책장 3-7
납치사고요 1~8완,03월 07일
총좌의 우르나 1~7완,책장 6-3
초인우타다 1~6권(완),책장 4-3
최유기 1~9권,책장 8-6
미스터요리왕(1~41완),04월 01일
킹스위츠(1~5완),책장 4-1
낮비(1~6완),책장 4-2
너의이름은(1~3완),04월 02일
데블즈라인 1~14권(완),책장 1-4
노부나가의 셰프 1~35권(완),책장 4-4
도서관의주인(1~15완),04월 05일
바보의모든것 1~4권 완,책장 6-6
목소리의형태(1~7완),04월 02일
바닷마을다이어리(1~9완),책장 4-3
보이즈온더런(1~10완),책장 4-2
심해어 WANITOKAGEGISU 1~4권(완),책장 4-6
야마다와 7명의 마녀 1~28권 완,책장 7-8
흑집사 1~34권,책장 1-1
도라에몽개정판(1~45완),04월 06일
3월의라이온 1~16,책장 4-3
죄수리쿠 1~38권(완),책장 6-2
마이퍼스트악당(1~6),책장 2-7
미스터초밥왕 애장판(1~14완),04월 01일
사이코닥터 카이쿄오스케(1~4완),04월 07일
언제나원조괴짜가족(1~24완),책장 4-3
원조괴짜가족(1~28완),책장 4-3
초밥아가씨사치(1~5),04월 01일
코미양은 커뮤증입니다 1~28권(+공식팬북),책장 7-9
하나다소년사(1~5완5권번외편),04월 05일
팬텀,03월 01일
나루토 1~72권(완),책장 1-6
수명을팔았다.1년에1만엔으로 1~3권 완,책장 7-10
하가네 1~12권,책장 5-2
SOS 해상특수구조대(1~20완),책장 4-6
해피니스(1~10완),책장 5-7
바쿠만(1~20완) BAKUMAN,책장 4-3
신부이야기 1~14권,책장 8-6
엠마 1~10권(완),책장 8-6
오타쿠의따님(1~11완),책장 4-3
우주형제 1~44권,책장 4-5
이니셜D(1~48완),02월 03일
피아노의숲(1~26완)*1~9권구판,04월 06일
후르츠바스켓 1~12권(완),책장 8-15
히스토리에 1~12권,책장 6-2
천국으로의계단 1~6권 (완),책장 4-3
화려한식탁 1~49완,04월 01일
J오타쿠 소년 아사히나 1~3권 완,책장 7-9
루돌프 터키 1~7권(완),책장 5-1
스위치 1~13권(완),책장 5-5
심심한칠드런 1~12권 완,책장 7-8
일하는세포블랙 1~8권(완),책장 1-2
출동119구조대(1~20완),책장 4-6
코드브레이커(1~26완),03월 07일
요츠바랑! 1~15,책장 4-3
테츠카오사무시리즈 블랙잭(1~22완),04월 07일
조폭패밀리 1~3권(완),책장 2-7
내이름은해사 1~15권(완),책장 4-6
렛츠고,04월 04일
우리가 있는 풍경 1~7권(완),책장 8-4
세인트 영멘 1~21권,책장 7-7
날마다록(1~6완),책장 4-2
더 콩쿠르 1~13권(완),책장 8-17
무직전생 1~15권,책장 1-1
벨제바브(1~28완),책장 3-6
이키가미(1~10완),책장 4-3
한다군(1~7완+공식앤솔로지) 바라카몬 외전,04월 03일
엔젤하트(1~33완),05월 01일
지피지기(1~11완),02월 07일
갓핸드테루(1~62완),04월 07일
갤러리페이크(1~32완),책장 4-7
경사청24시(1~6완),02월 07일
식객 1~27권(완) 허영만,책장 4-4
아다마스(1~11완),05월 05일
보노보노 1~30권,책장 4-6
월하의기사(1~32완),04월 05일
베이비짱 1~35권(완),책장 4-6
81다이버 81diver 1~35권(완),책장 8-8
Dr.코토진료소(1~25),04월 07일
사형수042 사형수공사이(1~5완),책장 4-3
소년표류 EX 1~5권(완),책장 8-8
심야식당 1~27권,책장 4-4
크레용신짱 1~50권(완),책장 4-6
삶과 죽음의 교차점 E.R.(1-14),04월 07일
명탐정 코난 1~105권,책장 5-1
소년탐정김전일 1~39권(완),책장 5-1
심령탐정 야쿠모 1~14권(완),책장 5-7
기생수 1~10권(완),책장 5-3
"20세기소년 1~22권 + 20세기소년의조연(단편) + 21세기소년 상,하",책장 5-5
나만이없는거리(1~9완),책장 4-2
마인탐정네우로 1~23권(완),책장 5-4
살육의 천사 1~12권(완),책장 5-3
시귀 1~11권(완),책장 5-2
우로보로스 ouroboros 1~24권(완),책장 5-2
바람의 검심 -메이지 검객 낭만기- 1~22권(완),책장 6-3
해피슈가라이프 1~10권(완),책장 7-8
GOKUSAI 1~4권,책장 5-3
가면전사 아쿠메츠 1~18권(완),책장 5-4
더월드이즈마인(1~5),책장 5-6
베리언트 1~4권(완),책장 5-3
전국요호 1~6권(완),책장 5-5
뮤지엄 1~3권(완),책장 5-3
북북서로구름과함께가라(1~4),04월 02일
아무도모르는 1~3권(완),책장 8-17
악의 교전 1~9권(완),책장 5-2
바람의 검심 -메이지 검객 낭만기 홋카이도편- 1~9권(완),책장 6-3
쓰르라미울적에(1-2),05월 03일
마이 홈 히어로 1~6권,책장 5-2
오늘부터 시티헌터 CITY HUNTER 1~14권,책장 5-1
오메가 트라이브 킹덤 1~11권(완),책장 5-3
이토준지 공포만화 콜렉션 1~17권(완),책장 5-7
피안도 1~90권 (+형님편),책장 6-6
데드맨원더랜드(1~18완),책장 5-4
사이렌(1~16완) PSYREN,03월 06일
엔젤하트시즌2(1~16완),05월 01일
이토준지 공포박물관 1~10권(완) 애장판,책장 5-7
유유백서 1~15권(완),책장 1-5
가가탐정사무소 1~15권(완),책장 5-4
마스터 키튼 MASTER KEATON 1~12권(완) + REMASTER 총13권,책장 5-5
시바토라 1~15권,책장 5-2
X(엑스) 1~19권(완),책장 8-16
제트맨 1~20권,책장 5-5
빌리 배트 BILLY BAT 1~20권(완),책장 5-5
스틸볼런 STEEL BALL RUN 1~24권,책장 1-5
인간실격 1~3권,책장 5-7
ACCA 13구 감찰과 1~6권(완),책장 5-7
스카이하이 신장 1~4권 + 스카이하이 카르마 1~2권,책장 5-7
미래일기 1~12권(완) + 모자이크 + 패러독스,책장 5-7
밤을 걷는 선비 1~20권(완),책장 8-18
뼈가 썩을 때까지 1~7권(완),책장 5-3
요루쿠모 1~5권(완),책장 5-2
무적도(1-7),책장 2-6
지옥소녀 1~9권(완),책장 5-7
보루토 1~20권,책장 1-6
죠죠의기묘한모험 1~63권,책장 1-5
아마츠키 1~20권,책장 5-7
원한해결사무소 1~20권 + 요코하마지점 1~6권 총26권(완),책장 5-4
죽음이 두 사람을 갈라놓을 때까지 1~26권(완),책장 5-7
킹덤 1~72권,책장 6-1
열혈강호 1~91권,책장 6-1
아르슬란전기 1~17권,책장 6-1
스미카스미레 1~5권,책장 8-1
신의물방울 1~44권,책장 4-5
드래곤 헤드 1~10권(완),책장 6-2
생존게임 1~21권 완,책장 6-2
검은사기 1~38권,책장 5-4
검은사기 제2부 1~4권,책장 5-4
사도 1~25권(완),책장 6-2
빈란드 사가 1~27권,책장 6-2
코히나타미노루 1~50 완,책장 6-4
용비불패 외전 1~12권(완),책장 6-1
용량전 1~21,06월 03일
마리아주 1~26완,책장 4-5
배가본드 1~37권,책장 6-3
노라가미 1~26권,책장 5-2
노라가미 습유집 1~3권,책장 5-2
사채꾼우시지마 1~46권 완,책장 6-7
잭 프로스트 1~11권(완),책장 5-2
닌자의 왕 1~14권,책장 6-3
총몽 1~9권(완),책장 5-6
야뇌 백동수 1~9권(완),책장 6-1
카케구루이 1~16권,책장 1-7
아자마루 1~4권 1부완,책장 6-3
격류혈 1~3권 완,책장 6-3
교도관 나오키 신참 교도관과 어느 사형수의 이야기 1~7완,책장 4-3
다이몬즈 1~13권(완),책장 5-5
전국스트레이즈 1~15권 완,책장 6-6
군계 1~34권(완),책장 6-2
사상최강의 제자 켄이치 1~61권(완),책장 6-4
가마란 1~22권 완,책장 6-3
NAMBEOL 남벌 1~9권,책장 6-7
타짜 제1부 지리산 작두 1~7권,책장 6-7
타짜 제2부 신의 손 1~9권,책장 6-7
타짜 제3부 원 아이드 잭 1~13권,책장 6-7
타짜 제4부 벨제붑의 노래 1~12권 완,책장 6-7
魔王 마왕 1~8권(완),책장 8-8
상처투성이 진세이 1~15권 완,책장 6-6
무영 1~5권 완,책장 6-6
아니마토 1~4완,책장 4-2
장국의 알타이르 1~27권,책장 6-3
아일랜드 -무법도- 1~6권 (완),책장 6-2
페이트스테이나이트 1~20완,03월 06일
권투암흑전 세스타스 1~15권 1부 완,책장 6-4
한자의 공수도 1~13권 완,책장 6-4
귀 1~5권,책장 6-5
용병 마루한 1~15권(완),책장 8-9
무사의노래 1~17권(완),책장 8-17
엽기보스 1~15권(완),책장 8-8
얼라이브 1~21권(완),책장 6-7
닌자파파 1~7권 완,책장 6-3
무한의주인 1~30권(완),책장 6-3
불가사의한 소년 1~8권,책장 5-2
절대쌍교 1~35권(완),책장 6-6
에어마스터 1~27,02월 06일
도박마-거짓말사냥꾼바쿠 1~48권,책장 6-7
브레이커 1~10권 완,책장 2-6
브레이커 N.W. 1~20권 완,02월 06일
용오 벳푸1~12,05월 04일
붓다 1~10권,책장 6-7
테라포마스 TERRA FORMARS 1~23권,책장 6-6
엠.바.밍,06월 07일
글로코스 1~4권(완),책장 4-6
블러디 먼데이 BLOODY MONDAY 1~11권(완),책장 5-7
블러디 먼데이 BLOODY MONDAY 시즌2 판도라의 상자 1~8권(완),책장 5-7
블러디 먼데이 BLOODY MONDAY 라스트시즌 1~4권,책장 5-7
GO 고 1~5완,책장 2-7
쿵후보이 친미 레전드 1~28권,책장 6-5
비르투스 1~5 완,책장 6-1
북두의권 1~22권 완,책장 6-5
플라네테스 1~4 완,책장 1-5
신세기에반게리온 1~14권(완),책장 1-5
도쿄에일리언즈 1~9권,책장 1-2
BLUE GIANT EXPLORER 블루 자이언트 익스플로러 1~9권,책장 4-2
호리미야 1~17권,책장 8-13
얼굴만으론 좋아할수없어요 1~11권,책장 8-13
사랑은 비가 갠 뒤처럼 1~10권 완,책장 7-9
주문은 토끼입니까? 1~11권,책장 7-7
봇치더록! 앤솔러지 코믹 1~2권,책장 7-7
월간순정 노자키군 1~16권,책장 8-2
월간순정 노자키군 앤솔로지,책장 8-2
신세기에반게리온_이카리신지육성계획 1~15권,책장 1-5
월간순정 노자키씨 제로,책장 8-2
여학교의 별,1층
블루 록 1~28권,책장 2-1
타몬군은 지금 어느 쪽?! 1~8권,책장 8-12
숨막힐정도의 사랑을 줄게 1~3권,책장 8-12
장송의프리렌 1~12권,책장 1-1
약사의혼잣말 1~13권,책장 1-2
전생했더니 슬라임이었던 건에 대하여 1~26권,책장 1-4
종말의 세라프 1~31권,책장 1-2
블리치 1~74권(완),책장 1-6
강철의연금술사 1~27권(완),책장 1-5
괴물사변 1~20권,책장 1-1
텐카운트 1~6권,책장 8-11
건어물여동생! 우마루짱 1~12완,04월 06일
건어물여동생! 우마루짱N,04월 06일
건어물여동생! 우마루짱S,04월 06일
씹어삼키다 1~3권,책장 8-11
대답하세요! 프라임 미니스터 1~7권,책장 8-11
그 끝에 있는 것 1~4권 완,책장 8-11
노건즈라이프 1~13권,책장 1-7
청사과낙원 시즌1 1~3권,책장 8-11
청사과낙원 시즌2 1~3권,책장 8-11
실버 다이아몬드 1~27권(완) + 외전,책장 8-11
약속의 땅 레바단 1~8권(완),책장 8-1
사사키와 미야노 1~10권,책장 8-11
정상!,책장 8-11
그 비스크돌은 사랑을 한다 1~13권,책장 7-8
대학일기 1~5권(완),책장 7-2
십이야 1~8권(완),책장 7-4
송곳 1~6권,책장 7-2
소드아트온라인_아인크라드 1~2완,책장 1-1
단지 1~2권,책장 7-3
냄새를 보는 소녀 1~3권,책장 7-4
냄새를 보는 소녀 특별판 1~2권,책장 7-4
"상상고양이 상,하",책장 7-3
헤어진 다음 날 1~2권(완),책장 7-4
저녁 같이 드실래요? 1~3권,책장 7-3
다이아몬드 더스트 1~3권(완),책장 7-3
북극의 밤 1장,책장 7-3
왜 욕을 하고 그래,책장 7-3
드래곤볼 1~42권(완),책장 3-2
아임펫! 1~2권,책장 7-3
버림받은 황비 1~9권(완),책장 7-4
여자만화구두 1~4권,책장 7-3
도그맨 1~2권,책장 7-4
마조앤새디 1~ 4권(완),책장 7-3
해치지않아 1~2권,책장 7-3
먹는 존재 1~4권(완),책장 7-3
과격자매단 1~2권,책장 7-3
앙영의 일기장 1~2권,책장 7-3
어서와 1~3권,책장 7-4
드래곤볼슈퍼 1~22권,책장 3-2
소녀재판 1~2권,책장 7-3
지옥 1~2권,책장 7-3
은밀하게위대하게 1~2권,책장 7-3
부딪치다 1~8권(완),책장 7-3
삼봉이발소 1~3권(완),책장 7-4
멀리서보면 푸른봄 1~3권,책장 7-3
아버지의 복수는 끝이 없어라 1~2권,책장 7-3
메모리스트 1~6권(완),책장 7-3
케덴독 1~5권(완),책장 7-3
둥글레차! 1~4권,책장 7-3
드래곤볼_풀컬러사이어인편 1~3권,책장 3-5
운빨로맨스 1~3권,책장 7-3
김영자부띠끄에 어서오세요 1~10권(완),책장 7-3
커밍아웃노트 1~2권,책장 7-3
그들에게 사면초가 1~2권,책장 7-3
투명한 동거 1~3권,책장 7-3
화폐개혁 1,책장 7-3
아르마 1~5권(완),책장 7-4
메트로놈 1~3권(완),책장 7-3
놓지마 정신줄!! 1~22권,책장 7-3
드래곤볼_풀컬러인조인간셀편 1~6권,책장 3-5
찌질의 역사 1~8권(완),책장 7-3
네크로맨서 1~2권,책장 7-3
어게인 1~3권,책장 7-3
부암동 복수자 소셜클럽 1~6권,책장 7-3
피노키오 1~7권(완),책장 7-3
달콤한 남자 1~11권(완),책장 7-3
닥터 프로스트 1~11권,책장 7-3
용이산다 1~2권,책장 7-3
그녀가 공작저로 가야 했던 사정 1~9권(완),책장 7-3
귀환자의 마법은 특별해야 합니다 1~2권,책장 7-4
드래곤볼_풀컬러피콜로대마왕편 1~4권,책장 3-5
바보 1~2권,책장 7-5
우리집에 사는남자 1~3권(완),책장 7-3
블러드레인 BLOOD RAIN 1~9권(완),책장 8-10
다이어터 1~3권(완),책장 7-3
녹두전 1~5권,책장 7-3
슈퍼시크릿 1~4권,책장 7-3
고양이와 할아버지 1~6권,책장 7-3
연애혁명 1~15권,책장 7-3
스윗솔티 1~2권,책장 7-4
드래곤볼_풀컬러프리저편 1~5권,책장 3-5
양말도깨비 시즌1 1~2권,책장 7-4
양말도깨비 시즌2 1~2권,책장 7-4
양말도깨비 나날,책장 7-4
플로우 1~6권(완),책장 7-4
남자친구를 조심해 1~3권,책장 7-4
"PTSD 상,하",책장 7-4
남팬만화 1~4권,책장 8-11
황제의 외동딸 1~14권(완),책장 7-2
갓 오브 하이스쿨 1~3권,책장 7-4
드래곤볼_풀컬러소년편 1~4권,책장 3-5
LAST 라스트 1~3권(완),책장 7-4
두근두근 두근거려 1~3권(완),책장 7-4
나를 비웃지 말아줘 1~4권,책장 7-4
허니블러드 1~4권(완),책장 7-4
이끼 1~4권(완),책장 7-4
지옥사원 1~9권,책장 7-4
덴마 DENMA - THE QUANX 1~19권(완),책장 7-4
흔한남매 1~10권,책장 7-4
당신의 향수 1~4권(완),책장 7-4
여중생A 1~5권(완),책장 7-4
비스타즈 1~22완,책장 1-6
디멘션더블유 1~16완,책장 3-1
마음의 소리 레전드100 1 - 깨어난 재미,책장 7-6
마음의 소리 레전드100 2 - 노잼의 복수,책장 7-6
마음의 소리 레전드100 3 - 갓석의 귀환,책장 7-6
마음의 소리 레전드100 4 - 보이지 않던 재미,책장 7-6
환생동물학교 1~3권(완),책장 7-4
괴물같은 아이돌 1~4권(완),책장 7-4
후레자식 1~5권(완),책장 7-2
독신으로 살겠다 1~8권,책장 7-4
노곤하개 1~11권,책장 7-4
생활의 참견 - 운수 좋은 날,책장 7-4
레터비 1~20완,03월 05일
생활의 참견 - 뉴 시즌 1~3권,책장 7-4
찬란하지 않아도 괜찮아 1~3권(완),책장 7-4
별이삼샵,07월 04일
우리학교 김선생님 1~2권,책장 7-4
커피와스무디 1~2권,책장 7-4
윈터우즈 1~7권,책장 7-2
무한동력 1~2권(완),책장 7-4
어떤계모님의 메르헨 1~3권,책장 7-4
일진의 크기 1~4권(완),책장 7-4
기기괴괴 - 아내의기억,책장 7-4
풀메탈패닉시그마 1~17완,책장 3-5
기기괴괴 - 아프리카에서 생긴 일,책장 7-4
기기괴괴 - 키베이루의 서재,책장 7-4
기기괴괴 - 저주받은 갤러리,책장 7-4
기기괴괴 - 성형수,책장 7-4
성공한 덕후 1~2권,책장 7-5
26년 1~3권(완),책장 7-5
밤의 베란다 1~3권(완),책장 7-5
노동본색 1~2권,책장 7-5
징벌소녀 1~5권(완),책장 7-2
단발냥네 깜수씨 1~2권(완),책장 7-5
오늘도 핸드메이드! 1~3권,책장 7-5
감자,책장 7-5
악당의 아빠를 꼬셔라 1~5권,책장 7-5
이상적인 관계 1~2권,책장 7-5
아가미 노블웹툰,책장 7-5
아재라서 1~2권,책장 7-5
노크필수 1~2권,책장 7-5
"당신의 하우스헬퍼 시즌2 상,하",책장 7-5
이태원 클라쓰 1~8권(완),책장 7-2
도쿄구울 1~14권(완),책장 1-7
우리는 요정 1~2권,책장 7-5
티나는 사랑 1~5권,책장 7-5
내 ID는 강남미인 1~5권(완),책장 7-5
천개의 꽃잎 1~5권(완),책장 7-5
묵향 1~9권,책장 7-5
아이들의 권선생님 1~6권(완),책장 7-5
미생 1~13권,책장 7-2
샬롯에게는 다섯명의 제자가 있다 1~2권,책장 7-5
1초 1~5권,책장 7-2
핑퐁 1~5권(완),책장 7-5
도쿄구울re 1~16권(완),책장 1-7
마법수프 1~3권,책장 7-5
붉은여우 1~7권(완),책장 7-5
안녕 외롭고 수상한가게 1~2권(완),책장 7-5
약한영웅 1~7권,책장 7-5
나의 우주는 아직 멀다,책장 7-5
무빙 1~5권,책장 7-2
브릿지 1~5권,책장 7-2
마루의 사실 1~3권,책장 7-5
마루의 사실 시즌2,책장 7-5
go! go! Lookie-Lou 고고 루키루 <우정편1~2>,책장 7-5
도쿄ESP 1~16권(완),책장 1-7
내가 안 했어요 1~5권(완),책장 7-5
인천상륙작전 1~6권,책장 7-5
청소부 K 1~5권,책장 7-5
멜랑꼴리 BEST,책장 7-5
서유 1~5권,책장 7-5
싸움독학 1~3권,책장 7-4
그 해 여름 1~3권,책장 7-5
소년이여 1~4권(완),책장 7-5
더파이브 1~5권(완),책장 7-5
금혼령 1~8권(완),책장 7-5
데스노트 DEATH NOTE 1~12권(완),책장 1-7
마른 가지에 바람처럼 1~10권,책장 7-4
마녀 1~4권(완),책장 7-5
"신과함께 - 저승편 상,중,하",책장 7-5
"신과함께 - 이승편 상,하",책장 7-5
"신과함께 - 신화편 상,중,하",책장 7-5
마족의 계약 1~4권,책장 7-5
슈퍼대디 열 1~2권(완),책장 7-5
동네변호사 조들호 1~6권,책장 7-5
동네변호사 조들호 가이드북,책장 7-5
이런영웅은싫어 1~27권(완),책장 7-2
"공각기동대 1, 1.5, 2",책장 5-6
리라이프 ReLife 1~6권,책장 7-5
"안녕, 소르시에 1~2권(완)",책장 7-5
크리스마스는 쨈과 함께 1~3권(완),책장 7-5
그다이 1~4권(완),책장 7-6
그다이 특별편,책장 7-6
우리사이느은 1~5권(완),책장 7-2
미라클! 용사님 1~5권(완),책장 7-5
아메리카노 엑소더스 1~10권,책장 7-6
여자 제갈량 1~3권,책장 7-6
아도니스 1~5권,책장 7-6
내일 1~12권,책장 7-6
냐한남자 1~5권,책장 7-2
동트는 로맨스 1~2권,책장 7-6
내 어머니 이야기 1~4권(완),책장 7-6
오리진 ORIGIN 1~3권,책장 7-6
사카모토데이즈 1~18권,1층 키오스크 옆
사랑하는 나의 엄마에게 1~2권,책장 7-4
방공호 1~11권(완),책장 5-6
재혼황후 1~8권,책장 7-6
스튜디오짭쪼롬 1~4권,책장 7-2
괴물 공작가의 계약 공녀 1~9권,책장 7-6
총수 1~18권(완),책장 7-6
너의 HEART를 나에게 줄래? 1~5권,책장 7-6
조선왕조실록 1~7권,책장 7-2
습지생태보고서,책장 7-6
주님과 나 1~2권(완),책장 7-6
진격의거인 1~34완,01월 07일
여탕보고서 1~2권,책장 7-4
죽어도 좋아 1~3권,책장 7-6
사춘기 직장인,책장 7-6
이웃사람 1~3권(완),책장 7-2
당신의 모든순간 1~4권(완),책장 7-6
탐묘인간,책장 7-6
계약우정 1~3권,책장 7-6
유럽에서 100일 1~5권(완),책장 7-6
유럽에서 100일 스페셜 에피소드,책장 7-6
AGAIN MY LIFE 어게인 마이 라이프 1~8권(완),책장 7-6
진격의거인_beforethefall 1~17권(완),책장 1-7
샤크 1~9권,책장 7-6
못 잡아먹어 안달 1~4권,책장 7-6
나의 남자 사람 친구 1~2권,책장 7-6
소녀샵 part 1~2,책장 7-6
통 1~4권(완),책장 7-6
통 - 유아독존 1~6권(완),책장 7-6
짬 - 솔직 담백 군대 이야기,책장 7-6
짬 시즌 2 - 예비역들의 수다,책장 7-6
소녀신선 1~3권,책장 7-6
진격의거인_후회없는선택 1~2권(완),책장 1-7
계룡선녀전 1~5권(완),책장 7-6
4컷용사 1~4권,책장 7-6
언럭키 맨션 1~4권(완),책장 7-6
탐묘인간 - 미유와 앵두이야기,책장 7-6
연목구애 1~3권,책장 7-6
쌩툰 큰 머리 남편과 기골장대 마눌님이 주는 큰웃음,책장 7-6
ARIA 아리아 완전판 1~7권(완),책장 7-1
괴물왕녀(1~20완),책장 3-7
내일의 요이치 1~15권(완),책장 3-7
몽환백서(1~20완),03월 06일
진격의거인_lostgirls 1~2권(완),책장 1-7
신만이아는세계(1~26완+확장판(설명참조)),책장 3-7
트리니티블러드 1~21권(완),책장 8-16
디펜스데빌(1~10완),책장 3-6
반지의기사(1~10완),03월 04일
사신에 씐 아마미야씨 1~3권 완,책장 8-13
좋아한다고 말해봐!! 1~2권(완),책장 8-17
위벨블라트(0~23완),03월 04일
이멋진세계에축복을 1~17권,책장 1-1
호시노 눈을감아 1~13권 완,책장 7-10
기생수 리버시 1~8권(완),책장 5-3
GANTZ 간츠 1~37권(완),책장 5-6
GIGANT 기간트 1~10권(완),책장 5-6
감옥학원 1~28권(완),책장 8-10
두더지 1~4권(완),책장 5-3
망량의요람 1~6권(완),책장 8-10
블러드레인 1~5권(완) [웹툰],책장 7-4
설정소녀 1~3권(완),책장 8-10
신이 말하는대로 1부 1~5권 + 2부 1~21권 총26권(완),책장 5-2
에이스퀸 1~12권(완),책장 8-10
오오쿠 1~19권(완),책장 6-6
반헬싱 1~3권(완),책장 5-6
유키x츠바사(1~8) 완,책장 4-2
이노센트 1~9권 + 이노센트 루즈 1~12권(완) 총21권,책장 6-3
적나라한 그녀 1~5권(완),책장 8-10
큐피드의 장난 1~7권 + 체리신드롬1~10권 (총17권),책장 8-10
스프라이트 SPRITE 1~10권(완),책장 8-10
악의꽃 1~5권(완),책장 8-10
체리체리고고 1~10권(완),책장 8-10
최종병기그녀 1~7권(완),책장 5-5
Private Prince 프라이빗 프린스 1~5권(완),책장 8-2
사랑하는 마음이 NO라고 해 1권(완),책장 8-4
클레이모어 1~27완,03월 05일
사랑하는 대장님! 1~5권,책장 8-4
늑대 폐하의 신부 1~19권(완),책장 8-3
방랑소년(1~15완),책장 4-3
유리가면 1~49권,책장 8-15
절대마녀 1~12권(완),책장 8-7
드림키스 1~4권(완),책장 8-1
십억소녀 1~10권,책장 8-4
제로카운트 1~2권(완),책장 8-1
슈가프린세스 1~2권(완),책장 8-1
다녀왔어 노래 1~7권(완),책장 8-1
토우카이도 탐정단 1~9권(완),책장 8-1
브랜드 1~3권(완),책장 8-17
S.K.T(1-10),08월 02일
NGBOY X 파라다이스 1~3권,책장 8-2
다이너마이트 LOVE BOY 1~4권,책장 8-1
플래티늄드롭스 1~3권(완),책장 8-4
IWISH 아이위시 1~7권(완),책장 8-18
내 남자친구 이야기 애장판 1~7권(완),책장 8-15
VS.아가씨클래스 1권(완),책장 8-4
momo 모모 1~7권(완),책장 8-6
미녀는 괴로워! 1~5권(완),책장 8-6
미녀는 야수 1~5권(완),책장8-4
엘펜리트 1~12권(완),책장 5-6
MARS 1~15권(완) + 외전,책장 8-5
러브메이트 1~18권 완,책장 7-10
전격데이지 1~8권(완),책장 8-1
하야테처럼! 1~52권(완),책장 8-8
러브니스타 1~2권(완),책장 8-3
건달군과 안경양 1~23권 완,책장 7-8
노을빛 라이트 1~5권(완),책장 8-3
사카모토데이즈 1~18권,책장 1-2
눈이나려꽃 1~23권,책장 8-17
빙과 1~14권,책장 5-1
언니랑함께 1~5권(완),책장 8-9
예쁜 남자 1~17권(완),책장 8-7
우주를 누비는 쏙독새 1~3권(완),책장 8-5
장난을 잘 치는 타카기양 1~19권,책장 7-8
주식회사 천재패밀리 애장판 1~6권(완),책장 8-3
COFFEE&VANILLA 커피&바닐라 1~21권,책장 8-1
환상게임 현무개전 1~12권 완,책장 6-7
프리X프리 1~2권(완),책장 8-1
암살교실 1~21권(완),책장 1-7
4월은너의거짓말 1~11권 완,책장 7-10
Nabi 나비 1~24권(완),책장 8-17
RE마리나 1~6권(완),책장 8-10
니세코이 우리는 위장 연애중 1~25권 완,책장 7-10
디-프래그! 1~13권,책장 7-10
본좌 티처 1~29권(완),책장 8-13
아기와 나 1~18권(완),책장 8-14
오타쿠에게 사랑은 어려워 1~11권(완),책장 8-2
울랄라며느리 1~20권(완),책장 8-4
인연 1~13권(완),책장 8-18
CAPETA 카페타 1~32권(완),책장 2-3
츠바키쵸 론리 플래닛 1~14권(완),책장 8-2
캐릭캐릭 체인지 1~12권(완),책장 8-4
신들린 시온의 퇴마 일기 mana 마나 1~4권(완),책장 8-7
학교에 가자! 1~17권(완),책장 8-3
새벽의 연화 1~43권,책장 8-2
FULL HOUSE 풀하우스 1~16권(완),책장 8-7
宮 궁 1~28권(완),책장 8-18
별하늘의 까마귀 1~8권(완),책장 8-2
Honey Bitter 허니 비터 1~14권(완),책장 8-4
관능소설 1~5권(완),책장 8-1
CLOVER 클로버 1~43권(완),책장 2-7
나는 사슴이다 (1부 1~6권) + (2부 1~8권) + (3부 1~9권) 총23권(완),책장 8-7
노다메 칸타빌레 1~25권(완),책장 8-4
당신만의 앨리스 1~11권(완),책장 8-17
"안녕, Pi 1~5권(완)",책장 8-7
예쁜남자신드롬(1~11완) 황미리,08월 07일
절벽 위의 란 1~10권(완),책장 8-3
WITH story 위드스토리 1~7권(완),책장 8-7
라이프 Life 1~20권(완),책장 8-4
장미양의 KISS 장미양의 키스 1~8권,책장 8-15
신사동맹 크로스 1~11권(완),책장 8-4
메이저 2부 1~26권,책장 2-5
악마와 러브송 1~13권(완),책장 8-6
츠바사 1~28권(완),책장 8-16
펠루아이야기 1~20권(완),책장 8-17
7SEEDS 세븐시즈 1~35권(완) + 외전,책장 8-16
나의 늑대군 1~4권(완),책장 8-12
늑대와 향신료 (EXTREME NOVEL) 1~18권,책장 8-6
도쿄 후회망상 아가씨 1~9권(완),책장 8-1
러블리 어글리 Lovely Ugly 1~10권,책장 8-18
오렌지 orange 1~6권,책장 8-15
몽키턴 1~26권,책장 2-3
참을 수 없어 1~7권(완),책장 8-1
코스프레 애니멀 1~14권(완),책장 8-4
BODY 바디 1~15권(완),책장 8-6
리미티드러버즈 1~2권,책장 8-1
학원베이비시터즈 1~24권,책장 8-12
세일러복에게 부탁해! 1~4권(완),책장 8-5
PINKYaGOGO,08월 07일
그럼에도 세상은 아름답다 1~25권(완),책장 8-2
바이올런스액션(1~4) [웹툰],책장 5-2
천사가 하라는 대로 1~3권,책장 8-3
부녀자그녀 1~5권(완),책장 8-3
바다의 기사단 1~3권,책장 8-1
화광연가 1~3권(완),책장 8-8
너 때문에 1~3권,책장 8-1
신데렐라로드 1~2권(완),책장 8-7
19XX(세기말) 과격파 1~8권,책장 8-4
찔레꽃 신부 1~2(완),책장 8-6
카리스마 돌 1~2권(완),책장 8-3
오늘부터 우리는 1~19권(완) 애장판,책장 2-2
나 여기에 있어 1~5권,책장 8-16
파인애플 아미 1~8권,책장 5-5
네가 좋아 1~3권(완),책장 8-3
NANA 나나 1~21권,책장 8-15
너는 펫 -완전판- 1~9권(완),책장 8-2
바람의나라 1~25권,책장 8-7
마츠리스페셜 1~4권,책장 8-15
S+ 에스플러스 1~1권(완),책장 8-3
사랑밖엔 난 몰라 1~6권(완),책장 8-7
애인발견 1~7권(완),책장 8-18
평범한 코이코짱 1~14권(완),책장 8-1
프라이드 Pride 1~12권(완),책장 8-5
하늘색 해안 1~6권(완),책장 8-4
하늘은 붉은 강가 애장판 1~16권(완),책장 8-16
다정다감 1~18권(완),책장 8-18
컨트리 하우스에 어서 오세요 1~3권(완),책장 8-5
별빛선물 1권(완),책장 8-9
그 남자! 그 여자! 1~10권,책장 8-15
"사랑해, 스즈키! 1~18권(완)",책장 8-6
헬로우스님 1~10권(완),책장 2-7
스킵비트! 1~49권,책장 8-5
안개숲호텔 1~2권,책장 8-15
오늘은 회사 쉬겠습니다 1~13권(완),책장 8-13
캔디 캔디 1~6권(완),책장 8-16
캣 스트릿 1~8권(완),책장 8-7
펭귄혁명 1~7권(완),책장 8-5
천생연분 1~17권 완,책장 7-10
호랑이와 늑대 1~6권(완),책장 8-7
뫼비우스 동맹 1~5권(완),책장 8-7
크라운 CROWN 1-6권(완),책장 8-9
약속의네버랜드 1~20권(완),책장 1-3
혼자를기르는법(1~2완) 웹툰,아키바
롱리브더킹(시즌1+시즌2 +시즌3 + 시즌4 1~8 총32권),아키바
치즈인더트랩 시즌1~3+시즌4(1~7) 총34권 [웹툰],아키바
옥탑빵(1~4완) [웹툰],아키바
지그재그덮밥 1~6권(완),책장 8-9
나와 그녀의 XXX 1~8권(완) + 9권(번외편),책장 8-5
너의키스로감싸줘 1~2권(완),책장 8-9
누드후르츠 1~3권(완),책장 8-5
하트드롭 1~2권(완),책장 8-9
후회없이 사랑해 1~7권,책장 8-15
사랑일까요? 1~4권(완),책장 8-17
H(1-6),08월 09일
Honey 허니 1~8권(완),책장 8-6
오렌지플래닛 1~5권(완),책장 8-7
S.A- SA 스페셜에이 1~17권(완),책장 8-15
그녀는 거짓말을 너무 사랑해 1~22권(완),책장 8-5
이건 좀 아닌 것 같아! 1~10권(완) [웹툰],책장 7-5
브랜뉴 BRAN-NEW 1~3권(완),책장 8-7
V.B로즈 1~14권(완),책장 8-16
연영천사 1~15권(완),책장 8-9
포기하지마! 1~13권(완),책장 8-7
어른의시간 1~7권(완),책장 8-7
자칼 1~7권,책장 6-6
OFFICE 오피스 레이 1~12권(완),책장 8-9
록킨 헤븐 1~8권(완),책장 8-6
LUST 러스트 1~3권(완),책장 8-7
MAX 러브리! 1~5권(완),책장 8-7
믹스 베지터블 1-8권(완),책장 8-9
미만연애 1~5권(완),책장 8-9
BOYS에스테 1~7권(완),책장 8-7
우리는 알게 되었다 1~14권(완),책장 8-5
1318의몽정기 1~16권 완,책장 7-10
극락 청춘 하키부 1~14권(완),책장 8-5
오빠에게 맡겨 1~5권(완),책장 8-7
코이바나 Koibana:사랑꽃활짝 1~10권(완),책장 8-16
타로이야기 1~14권(완),책장 8-15
17 세븐틴 seventeen 1~5권(완),책장 8-7
19세기말비망록(1~4완) [웹툰],09월 01일
2인용인간(1~4완) [웹툰],09월 01일
340일간의유예(1~3완) [웹툰],09월 01일
LESSA 레사(1~18완)웹툰,09월 01일
나의빛나는세계(1~3완) [웹툰],09월 01일
달고나일기(1~5) [웹툰],09월 01일
멍멍냠냠(1~2완) [웹툰],09월 01일
모멘텀(1~3) [웹툰],09월 01일
소녀의세계(1~9완) [웹툰],09월 01일
시간의계단(1~3완) [웹툰],09월 01일
외과의사엘리제(1~7) [웹툰],09월 01일
윈드브레이커(1~24) [웹툰],책장 9-1
카페보문을부탁해요(1~2완) [웹툰],09월 01일
판도라의선택(1~2완) [웹툰],09월 01일
패션왕(1~2) [웹툰],09월 01일
혼자를기르는법(1~2완) 웹툰,09월 01일
그녀의심청(1~7완) [웹툰],09월 02일
길위의노래가담항설(1~12완) [웹툰],09월 02일
매의검(1~10완),09월 02일
아름다운선(1~3완) [웹툰],09월 02일
어느날공주가되어버렸다(1~9) [웹툰],09월 02일
연놈(1~17) [웹툰],09월 02일
kobera(1-8),09월 02일
롱리브더킹(시즌1+시즌2 +시즌3 + 시즌4 1~8 총32권),09월 02일
FREAK 프릭(1~4완) [웹툰],09월 03일
미드나잇파트너(1~5완) [웹툰],09월 03일
수줍어서그래(1~3완) [웹툰],09월 03일
실(1~10완+별책) [웹툰],09월 03일
어쿠스틱라이프(1~14) [웹툰],09월 03일
연애하루전(1~3완) [웹툰] 양장본,09월 03일
오렌지마말레이드(1~8완) [웹툰],09월 03일
우리집에왜왔니(1~5완) [웹툰],09월 03일
진눈깨비소년(1~9완) [웹툰],09월 03일
치즈인더트랩 시즌1~3+시즌4(1~7) 총34권 [웹툰],09월 03일
금의나라물의나라(단편),09월 04일
나빌레라(1~5완) [웹툰],09월 04일
바른연애길잡이(1~11완+외전 총12권) [웹툰],09월 04일
심연의하늘(1~10완) [웹툰],09월 04일
여혜(1~6완) [웹툰],09월 04일
연옥님이보고계셔(1~4완) [웹툰],09월 04일
오무라이스잼잼(1~14) [웹툰],09월 04일
은주의방(1~3완) [웹툰],09월 04일
중증외상센터 골든아워(1~11완) [웹툰],09월 04일
이미테이션(1~11완) [웹툰],09월 04일
흉악범과의 면담 1~3권 완[웹툰],책장 8-11
개를낳았다(시즌1 1~7완) [웹툰],09월 05일
김비서가왜그럴까(1~6완) [웹툰],09월 05일
노블레스(시즌1~7 총25권) [웹툰],09월 05일
뽀짜툰(1~9) [웹툰],09월 05일
순정만화시즌1(1~2완) 강풀[웹툰],09월 05일
신의탑(1~13) [웹툰],09월 05일
오늘도사랑스럽개(1~9완)[웹툰],책장 9-5
문유(1~4완) [웹툰],09월 05일
사내 맞선(1~10완) [웹툰],09월 05일
시동(1~4완) [웹툰],09월 05일
여주실격(1~2) [웹툰],09월 05일
옥탑빵(1~4완) [웹툰],09월 05일
고래별(1~6완결) [웹툰],09월 06일
극한견주(1~4완) [웹툰],09월 06일
낮에뜨는달(1~4) [웹툰],09월 06일
스위트홈(1~12완) [웹툰],09월 06일
화장지워주는남자(1~7완) [웹툰],09월 06일
N번째연애(시즌1~시즌3 총6권) [웹툰],09월 06일
말할수없는남매(1~11완) [웹툰],09월 06일
살인자ㅇ난감(상.중.하) [웹툰],09월 06일
스피릿핑거스(1~13완) [웹툰],09월 06일
